<?xml version = '1.0' encoding = 'UTF-8'?>
<Entity class="oracle.dbtools.crest.model.design.logical.Entity" directorySegmentName="seg_0" id="68926BFE-CF3B-D645-1474-1F226D7C8A95" name="Encuesta">
<createdBy>vilch</createdBy>
<createdTime>2021-03-26 08:20:06 UTC</createdTime>
<ownerDesignName>jose2</ownerDesignName>
<importedID>7DF59257-7A94-9E1F-5591-08501B0B0895</importedID>
<engineerTo>
<item key="1C495D76-464E-DE7B-D7D1-938C294B3E34" value="true"/>
</engineerTo>
<adequatelyNormalized>NO</adequatelyNormalized>
<expectedVolumes>0</expectedVolumes>
<fwdEngineeringStrategyName>Single Table</fwdEngineeringStrategyName>
<growthPercent>0</growthPercent>
<growthType>Year</growthType>
<maxVolumes>9999999</maxVolumes>
<minVolumes>0</minVolumes>
<normalForm>Third</normalForm>
<attributes itemClass="oracle.dbtools.crest.model.design.logical.Attribute">
<Attribute name="Fecha de envio" id="83DD5653-1261-9718-2DD5-0FCA78C4F947">
<createdBy>vilch</createdBy>
<createdTime>2021-03-26 08:20:06 UTC</createdTime>
<ownerDesignName>jose2</ownerDesignName>
<importedID>4210C5C9-16AF-5841-94D9-0CC118D35DA2</importedID>
<engineerTo>
<item key="1C495D76-464E-DE7B-D7D1-938C294B3E34" value="true"/>
</engineerTo>
<useDomainConstraints>false</useDomainConstraints>
<use>1</use>
<logicalDatatype>LOGDT007</logicalDatatype>
<ownDataTypeParameters>,,</ownDataTypeParameters>
</Attribute>
<Attribute name="Nº expediente1" id="BDA04BA8-6E6E-0202-A5BB-578E39E20476">
<createdBy>vilch</createdBy>
<createdTime>2021-03-26 09:28:47 UTC</createdTime>
<generatorID>7E36D6C4-15B0-2504-8F27-3FBCCC103E1B</generatorID>
<ownerDesignName>ER_BASE DE KRATOS</ownerDesignName>
<engineerTo>
<item key="1C495D76-464E-DE7B-D7D1-938C294B3E34" value="true"/>
</engineerTo>
<referedAttribute>FF0CDC22-AFAD-04F6-DEB3-DF40215A18F0</referedAttribute>
<useDomainConstraints>false</useDomainConstraints>
<use>1</use>
<logicalDatatype>LOGDT011</logicalDatatype>
<ownDataTypeParameters>,,</ownDataTypeParameters>
</Attribute>
</attributes>
<identifiers itemClass="oracle.dbtools.crest.model.design.logical.CandidateKey">
<identifier id="B51DA9B0-7374-7BC0-E287-773E5E314DE5" name="Encuesta PK">
<createdBy>vilch</createdBy>
<createdTime>2021-03-26 08:20:06 UTC</createdTime>
<ownerDesignName>jose2</ownerDesignName>
<importedID>FAB06B69-0BB6-200D-63B8-29F5F4E248B8</importedID>
<engineerTo>
<item key="1C495D76-464E-DE7B-D7D1-938C294B3E34" value="true"/>
</engineerTo>
<pk>true</pk>
<usedAttributes>
<attributeRef>83DD5653-1261-9718-2DD5-0FCA78C4F947</attributeRef>
</usedAttributes>
</identifier>
</identifiers>
</Entity>