<?xml version = '1.0' encoding = 'UTF-8'?>
<Entity class="oracle.dbtools.crest.model.design.logical.Entity" directorySegmentName="seg_0" id="7BC15A7A-7B3C-D9E6-4491-CD118E4842A2" name="PAS">
<createdBy>vilch</createdBy>
<createdTime>2021-03-26 09:49:12 UTC</createdTime>
<ownerDesignName>ER_BASE DE KRATOS</ownerDesignName>
<engineerTo>
<item key="1C495D76-464E-DE7B-D7D1-938C294B3E34" value="true"/>
</engineerTo>
<adequatelyNormalized>NO</adequatelyNormalized>
<expectedVolumes>0</expectedVolumes>
<fwdEngineeringStrategyName>Single Table</fwdEngineeringStrategyName>
<growthPercent>0</growthPercent>
<growthType>Year</growthType>
<maxVolumes>9999999</maxVolumes>
<minVolumes>0</minVolumes>
<normalForm>Third</normalForm>
<attributes itemClass="oracle.dbtools.crest.model.design.logical.Attribute">
<Attribute name="ID" id="704868F7-CF86-84AB-9C17-12F270A0FE8F">
<createdBy>vilch</createdBy>
<createdTime>2021-03-26 09:52:07 UTC</createdTime>
<ownerDesignName>ER_BASE DE KRATOS</ownerDesignName>
<engineerTo>
<item key="1C495D76-464E-DE7B-D7D1-938C294B3E34" value="true"/>
</engineerTo>
<useDomainConstraints>false</useDomainConstraints>
<use>1</use>
<logicalDatatype>LOGDT024</logicalDatatype>
<dataTypeSize>20 CHAR</dataTypeSize>
<ownDataTypeParameters>20 CHAR,,</ownDataTypeParameters>
</Attribute>
<Attribute name="DNI" id="93074761-51B9-70EE-6669-9D5DC680EDD5">
<createdBy>vilch</createdBy>
<createdTime>2021-03-26 09:58:20 UTC</createdTime>
<ownerDesignName>ER_BASE DE KRATOS</ownerDesignName>
<engineerTo>
<item key="1C495D76-464E-DE7B-D7D1-938C294B3E34" value="true"/>
</engineerTo>
<useDomainConstraints>false</useDomainConstraints>
<use>1</use>
<logicalDatatype>LOGDT024</logicalDatatype>
<dataTypeSize>9 CHAR</dataTypeSize>
<ownDataTypeParameters>9 CHAR,,</ownDataTypeParameters>
</Attribute>
<Attribute name="contraseña" id="A6024546-E41C-7E48-62A3-39C3C18F3360">
<createdBy>vilch</createdBy>
<createdTime>2021-03-26 10:14:48 UTC</createdTime>
<ownerDesignName>ER_BASE DE KRATOS</ownerDesignName>
<engineerTo>
<item key="1C495D76-464E-DE7B-D7D1-938C294B3E34" value="true"/>
</engineerTo>
<useDomainConstraints>false</useDomainConstraints>
<use>1</use>
<logicalDatatype>LOGDT024</logicalDatatype>
<dataTypeSize>30 CHAR</dataTypeSize>
<ownDataTypeParameters>30 CHAR,,</ownDataTypeParameters>
</Attribute>
<Attribute name="Nombre" id="F927C31B-5E56-B255-640B-9F6F6CFB41D9">
<createdBy>vilch</createdBy>
<createdTime>2021-03-26 09:49:41 UTC</createdTime>
<ownerDesignName>ER_BASE DE KRATOS</ownerDesignName>
<engineerTo>
<item key="1C495D76-464E-DE7B-D7D1-938C294B3E34" value="true"/>
</engineerTo>
<useDomainConstraints>false</useDomainConstraints>
<use>1</use>
<logicalDatatype>LOGDT024</logicalDatatype>
<dataTypeSize>20</dataTypeSize>
<ownDataTypeParameters>20,,</ownDataTypeParameters>
</Attribute>
<Attribute name="Apellido1" id="4A6E51CC-4445-C0D0-5143-19717D10099B">
<createdBy>vilch</createdBy>
<createdTime>2021-03-26 09:50:02 UTC</createdTime>
<ownerDesignName>ER_BASE DE KRATOS</ownerDesignName>
<engineerTo>
<item key="1C495D76-464E-DE7B-D7D1-938C294B3E34" value="true"/>
</engineerTo>
<useDomainConstraints>false</useDomainConstraints>
<use>1</use>
<logicalDatatype>LOGDT024</logicalDatatype>
<dataTypeSize>30</dataTypeSize>
<ownDataTypeParameters>30,,</ownDataTypeParameters>
</Attribute>
<Attribute name="Apellido2" id="F1E86C7D-8372-F70C-8C48-CB3A5D0E4F8A">
<createdBy>vilch</createdBy>
<createdTime>2021-03-26 09:50:34 UTC</createdTime>
<ownerDesignName>ER_BASE DE KRATOS</ownerDesignName>
<engineerTo>
<item key="1C495D76-464E-DE7B-D7D1-938C294B3E34" value="true"/>
</engineerTo>
<nullsAllowed>true</nullsAllowed>
<useDomainConstraints>false</useDomainConstraints>
<use>1</use>
<logicalDatatype>LOGDT024</logicalDatatype>
<dataTypeSize>30</dataTypeSize>
<ownDataTypeParameters>30,,</ownDataTypeParameters>
</Attribute>
<Attribute name="email institucional" id="7381A13F-A321-FB03-57BE-A125984B05DC">
<createdBy>vilch</createdBy>
<createdTime>2021-03-26 09:50:54 UTC</createdTime>
<ownerDesignName>ER_BASE DE KRATOS</ownerDesignName>
<engineerTo>
<item key="1C495D76-464E-DE7B-D7D1-938C294B3E34" value="true"/>
</engineerTo>
<useDomainConstraints>false</useDomainConstraints>
<use>1</use>
<logicalDatatype>LOGDT024</logicalDatatype>
<dataTypeSize>30 CHAR</dataTypeSize>
<ownDataTypeParameters>30 CHAR,,</ownDataTypeParameters>
</Attribute>
<Attribute name="télefono de contacto" id="15FB7E31-1EA0-10D1-0117-7B0CDE22E39F">
<createdBy>vilch</createdBy>
<createdTime>2021-03-26 09:51:24 UTC</createdTime>
<ownerDesignName>ER_BASE DE KRATOS</ownerDesignName>
<engineerTo>
<item key="1C495D76-464E-DE7B-D7D1-938C294B3E34" value="true"/>
</engineerTo>
<useDomainConstraints>false</useDomainConstraints>
<use>1</use>
<logicalDatatype>LOGDT011</logicalDatatype>
<ownDataTypeParameters>,,</ownDataTypeParameters>
</Attribute>
<Attribute name="dirección" id="BB9F47AA-0219-B931-3A37-3F1368502C59">
<createdBy>vilch</createdBy>
<createdTime>2021-03-26 09:59:16 UTC</createdTime>
<ownerDesignName>ER_BASE DE KRATOS</ownerDesignName>
<engineerTo>
<item key="1C495D76-464E-DE7B-D7D1-938C294B3E34" value="true"/>
</engineerTo>
<nullsAllowed>true</nullsAllowed>
<useDomainConstraints>false</useDomainConstraints>
<use>1</use>
<logicalDatatype>LOGDT024</logicalDatatype>
<dataTypeSize>40 CHAR</dataTypeSize>
<ownDataTypeParameters>40 CHAR,,</ownDataTypeParameters>
</Attribute>
<Attribute name="ID1" id="BC32352A-9F30-FE1F-233F-D67A7F0FBCD8">
<createdBy>vilch</createdBy>
<createdTime>2021-03-26 21:21:54 UTC</createdTime>
<generatorID>C9EBB119-B5E8-92F7-37B8-ABA97AC7907E</generatorID>
<ownerDesignName>ER_BASE DE KRATOS</ownerDesignName>
<engineerTo>
<item key="1C495D76-464E-DE7B-D7D1-938C294B3E34" value="true"/>
</engineerTo>
<referedAttribute>277FB697-8522-BC75-42FB-CBFC50688306</referedAttribute>
<useDomainConstraints>false</useDomainConstraints>
<use>1</use>
<logicalDatatype>LOGDT024</logicalDatatype>
<dataTypeSize>30 CHAR</dataTypeSize>
<ownDataTypeParameters>,,</ownDataTypeParameters>
</Attribute>
</attributes>
<identifiers itemClass="oracle.dbtools.crest.model.design.logical.CandidateKey">
<identifier id="1D1D8338-AA72-0D09-05AF-83D0D0216F32" name="PAS PK">
<createdBy>vilch</createdBy>
<createdTime>2021-03-26 09:56:52 UTC</createdTime>
<ownerDesignName>ER_BASE DE KRATOS</ownerDesignName>
<engineerTo>
<item key="1C495D76-464E-DE7B-D7D1-938C294B3E34" value="true"/>
</engineerTo>
<pk>true</pk>
<usedAttributes>
<attributeRef>704868F7-CF86-84AB-9C17-12F270A0FE8F</attributeRef>
</usedAttributes>
</identifier>
<identifier id="B3D59A0A-D646-F27F-C405-606063532F01" name="Key_2">
<createdBy>vilch</createdBy>
<createdTime>2021-03-26 10:00:00 UTC</createdTime>
<ownerDesignName>ER_BASE DE KRATOS</ownerDesignName>
<engineerTo>
<item key="1C495D76-464E-DE7B-D7D1-938C294B3E34" value="true"/>
</engineerTo>
<newElementsIDs>93074761-51B9-70EE-6669-9D5DC680EDD5</newElementsIDs>
<usedAttributes>
<attributeRef>93074761-51B9-70EE-6669-9D5DC680EDD5</attributeRef>
</usedAttributes>
</identifier>
</identifiers>
</Entity>