<?xml version = '1.0' encoding = 'UTF-8'?>
<Entity class="oracle.dbtools.crest.model.design.logical.Entity" directorySegmentName="seg_0" id="9FF0BFAB-142C-D4C1-068C-79FC6D544543" name="Optativa">
<createdBy>vilch</createdBy>
<createdTime>2021-03-26 08:20:06 UTC</createdTime>
<ownerDesignName>jose2</ownerDesignName>
<importedID>9925B9A2-4499-8152-85E4-010623077BED</importedID>
<engineerTo>
<item key="1C495D76-464E-DE7B-D7D1-938C294B3E34" value="true"/>
</engineerTo>
<adequatelyNormalized>NO</adequatelyNormalized>
<expectedVolumes>0</expectedVolumes>
<fwdEngineeringStrategyName>Single Table</fwdEngineeringStrategyName>
<growthPercent>0</growthPercent>
<growthType>Year</growthType>
<hierarchicalParent>30C9B0E0-70B5-AC2C-3287-E6D7164DCCE4</hierarchicalParent>
<maxVolumes>9999999</maxVolumes>
<minVolumes>0</minVolumes>
<normalForm>Third</normalForm>
<attributes itemClass="oracle.dbtools.crest.model.design.logical.Attribute">
<Attribute name="Plazas" id="2584DC9B-AE97-5488-BAF5-F9134E1D7F70">
<createdBy>vilch</createdBy>
<createdTime>2021-03-26 08:20:06 UTC</createdTime>
<ownerDesignName>jose2</ownerDesignName>
<importedID>51172290-E60D-94CC-E16E-498F666CBE9A</importedID>
<engineerTo>
<item key="1C495D76-464E-DE7B-D7D1-938C294B3E34" value="true"/>
</engineerTo>
<useDomainConstraints>false</useDomainConstraints>
<use>1</use>
<logicalDatatype>LOGDT011</logicalDatatype>
<ownDataTypeParameters>,,</ownDataTypeParameters>
</Attribute>
<Attribute name="Mención" id="E531F53C-A9C4-0D17-3817-305415FB2EC8">
<createdBy>vilch</createdBy>
<createdTime>2021-03-26 08:20:06 UTC</createdTime>
<ownerDesignName>jose2</ownerDesignName>
<importedID>CFCFECC7-878D-D3E0-5F6D-6EF16F233F51</importedID>
<engineerTo>
<item key="1C495D76-464E-DE7B-D7D1-938C294B3E34" value="true"/>
</engineerTo>
<nullsAllowed>true</nullsAllowed>
<useDomainConstraints>false</useDomainConstraints>
<use>1</use>
<logicalDatatype>LOGDT024</logicalDatatype>
<dataTypeSize>30 CHAR</dataTypeSize>
<ownDataTypeParameters>30 CHAR,,</ownDataTypeParameters>
</Attribute>
</attributes>
</Entity>