<?xml version = '1.0' encoding = 'UTF-8'?>
<Entity class="oracle.dbtools.crest.model.design.logical.Entity" directorySegmentName="seg_0" id="BFDCC882-13F3-2B17-2497-F8602EC8AB01" name="Asig_Matriculas">
<createdBy>vilch</createdBy>
<createdTime>2021-03-26 08:20:06 UTC</createdTime>
<ownerDesignName>jose2</ownerDesignName>
<importedID>1D49BF56-2821-18B9-F7B6-B924C906BF97</importedID>
<engineerTo>
<item key="1C495D76-464E-DE7B-D7D1-938C294B3E34" value="true"/>
</engineerTo>
<adequatelyNormalized>NO</adequatelyNormalized>
<expectedVolumes>0</expectedVolumes>
<fwdEngineeringStrategyName>Single Table</fwdEngineeringStrategyName>
<growthPercent>0</growthPercent>
<growthType>Year</growthType>
<maxVolumes>9999999</maxVolumes>
<minVolumes>0</minVolumes>
<normalForm>Third</normalForm>
<attributes itemClass="oracle.dbtools.crest.model.design.logical.Attribute">
<Attribute name="Referencia" id="42E261A0-7B1F-B6DB-9F1C-087E39106812">
<createdBy>vilch</createdBy>
<createdTime>2021-03-26 08:34:12 UTC</createdTime>
<generatorID>DD3A200A-77AE-487D-CCCD-BB634C8AE1CA</generatorID>
<ownerDesignName>jose2</ownerDesignName>
<engineerTo>
<item key="1C495D76-464E-DE7B-D7D1-938C294B3E34" value="true"/>
</engineerTo>
<referedAttribute>B8FB2700-AB01-29C0-2949-AC5B5F1B0C01</referedAttribute>
<useDomainConstraints>false</useDomainConstraints>
<use>1</use>
<logicalDatatype>LOGDT011</logicalDatatype>
<ownDataTypeParameters>,,</ownDataTypeParameters>
</Attribute>
<Attribute name="ID" id="F9B9DCEB-4EEF-EE8F-E28F-CD65422D6929">
<createdBy>vilch</createdBy>
<createdTime>2021-03-26 08:37:05 UTC</createdTime>
<generatorID>F128D040-FFF6-D1C4-2F89-47EE11F73CD2</generatorID>
<ownerDesignName>jose2</ownerDesignName>
<engineerTo>
<item key="1C495D76-464E-DE7B-D7D1-938C294B3E34" value="true"/>
</engineerTo>
<nullsAllowed>true</nullsAllowed>
<referedAttribute>1C28EC94-5921-E7DE-EECF-CFB9DA5688DD</referedAttribute>
<useDomainConstraints>false</useDomainConstraints>
<use>1</use>
<logicalDatatype>LOGDT011</logicalDatatype>
<ownDataTypeParameters>,,</ownDataTypeParameters>
</Attribute>
<Attribute name="Curso Académico" id="7B338EF1-6F7F-A640-FE8B-97119D93CC18">
<createdBy>vilch</createdBy>
<createdTime>2021-03-26 08:38:35 UTC</createdTime>
<generatorID>22AAAE16-8E54-62E1-540A-3D9F5DC4C314</generatorID>
<ownerDesignName>jose2</ownerDesignName>
<engineerTo>
<item key="1C495D76-464E-DE7B-D7D1-938C294B3E34" value="true"/>
</engineerTo>
<referedAttribute>483EED77-A691-F961-B4EF-7802789D757A</referedAttribute>
<useDomainConstraints>false</useDomainConstraints>
<use>1</use>
<logicalDatatype>LOGDT024</logicalDatatype>
<dataTypeSize>20 CHAR</dataTypeSize>
<ownDataTypeParameters>20 CHAR,,</ownDataTypeParameters>
</Attribute>
<Attribute name="Nº expediente" id="E570A827-B97A-3EF4-1BBA-FF2AE970782D">
<createdBy>vilch</createdBy>
<createdTime>2021-03-26 08:38:35 UTC</createdTime>
<generatorID>22AAAE16-8E54-62E1-540A-3D9F5DC4C314</generatorID>
<ownerDesignName>jose2</ownerDesignName>
<engineerTo>
<item key="1C495D76-464E-DE7B-D7D1-938C294B3E34" value="true"/>
</engineerTo>
<referedAttribute>CBAB63BC-732F-0C15-350E-968268E75119</referedAttribute>
<useDomainConstraints>false</useDomainConstraints>
<use>1</use>
<logicalDatatype>LOGDT011</logicalDatatype>
<ownDataTypeParameters>,,</ownDataTypeParameters>
</Attribute>
</attributes>
<identifiers itemClass="oracle.dbtools.crest.model.design.logical.CandidateKey">
<identifier id="E44555D8-5121-2683-040F-2343A7F595BC" name="Asig_Matriculas PK">
<createdBy>vilch</createdBy>
<createdTime>2021-03-26 08:34:12 UTC</createdTime>
<ownerDesignName>jose2</ownerDesignName>
<engineerTo>
<item key="1C495D76-464E-DE7B-D7D1-938C294B3E34" value="true"/>
</engineerTo>
<pk>true</pk>
<usedAttributes>
<attributeRef>42E261A0-7B1F-B6DB-9F1C-087E39106812</attributeRef>
<attributeRef>7B338EF1-6F7F-A640-FE8B-97119D93CC18</attributeRef>
<attributeRef>E570A827-B97A-3EF4-1BBA-FF2AE970782D</attributeRef>
</usedAttributes>
</identifier>
</identifiers>
</Entity>