<?xml version = '1.0' encoding = 'UTF-8'?>
<Entity class="oracle.dbtools.crest.model.design.logical.Entity" directorySegmentName="seg_0" id="D2D64383-1BB4-524E-9078-42F0D1997101" name="Clase">
<createdBy>vilch</createdBy>
<createdTime>2021-03-26 08:20:06 UTC</createdTime>
<ownerDesignName>jose2</ownerDesignName>
<importedID>A1FBC3A0-D63F-CAB3-40DB-7BCF786AB368</importedID>
<engineerTo>
<item key="1C495D76-464E-DE7B-D7D1-938C294B3E34" value="true"/>
</engineerTo>
<adequatelyNormalized>NO</adequatelyNormalized>
<expectedVolumes>0</expectedVolumes>
<fwdEngineeringStrategyName>Single Table</fwdEngineeringStrategyName>
<growthPercent>0</growthPercent>
<growthType>Year</growthType>
<maxVolumes>9999999</maxVolumes>
<minVolumes>0</minVolumes>
<normalForm>Third</normalForm>
<attributes itemClass="oracle.dbtools.crest.model.design.logical.Attribute">
<Attribute name="Día" id="58F9A207-EC5D-C0E5-AC81-9761FFE2FE5A">
<createdBy>vilch</createdBy>
<createdTime>2021-03-26 08:20:06 UTC</createdTime>
<ownerDesignName>jose2</ownerDesignName>
<importedID>F2AE6970-7BF8-538B-3416-DBDCA2CDA747</importedID>
<engineerTo>
<item key="1C495D76-464E-DE7B-D7D1-938C294B3E34" value="true"/>
</engineerTo>
<useDomainConstraints>false</useDomainConstraints>
<use>1</use>
<logicalDatatype>LOGDT007</logicalDatatype>
<ownDataTypeParameters>,,</ownDataTypeParameters>
</Attribute>
<Attribute name="Hora inicio" id="B8B142DB-0B01-4B0C-FD97-420E74432AFF">
<createdBy>vilch</createdBy>
<createdTime>2021-03-26 08:20:06 UTC</createdTime>
<ownerDesignName>jose2</ownerDesignName>
<importedID>6BFA24A2-B1B3-234E-3C78-8728BE032699</importedID>
<engineerTo>
<item key="1C495D76-464E-DE7B-D7D1-938C294B3E34" value="true"/>
</engineerTo>
<useDomainConstraints>false</useDomainConstraints>
<use>1</use>
<logicalDatatype>LOGDT024</logicalDatatype>
<dataTypeSize>20 CHAR</dataTypeSize>
<ownDataTypeParameters>20 CHAR,,</ownDataTypeParameters>
</Attribute>
<Attribute name="Hora fin" id="A1A86403-6F18-FEEE-4AE3-821AE89D83A3">
<createdBy>vilch</createdBy>
<createdTime>2021-03-26 08:20:06 UTC</createdTime>
<ownerDesignName>jose2</ownerDesignName>
<importedID>71AE65DE-EBFF-E136-99A5-978B281F711A</importedID>
<engineerTo>
<item key="1C495D76-464E-DE7B-D7D1-938C294B3E34" value="true"/>
</engineerTo>
<nullsAllowed>true</nullsAllowed>
<useDomainConstraints>false</useDomainConstraints>
<use>1</use>
<logicalDatatype>LOGDT024</logicalDatatype>
<ownDataTypeParameters>,,</ownDataTypeParameters>
</Attribute>
<Attribute name="Referencia" id="AF802B98-BDBB-6C4E-32C9-9AACC4EA716F">
<createdBy>vilch</createdBy>
<createdTime>2021-03-26 08:33:36 UTC</createdTime>
<generatorID>3A06A2CC-F94D-42D8-9CB6-D339827D4295</generatorID>
<ownerDesignName>jose2</ownerDesignName>
<engineerTo>
<item key="1C495D76-464E-DE7B-D7D1-938C294B3E34" value="true"/>
</engineerTo>
<referedAttribute>B8FB2700-AB01-29C0-2949-AC5B5F1B0C01</referedAttribute>
<useDomainConstraints>false</useDomainConstraints>
<use>1</use>
<logicalDatatype>LOGDT011</logicalDatatype>
<ownDataTypeParameters>,,</ownDataTypeParameters>
</Attribute>
<Attribute name="ID1" id="46C86642-2E70-8842-9CA1-BCBCC8BEB131">
<createdBy>vilch</createdBy>
<createdTime>2021-03-26 09:27:15 UTC</createdTime>
<generatorID>7C825604-F648-1DDB-9947-8BECC6ADDCD5</generatorID>
<ownerDesignName>ER_BASE DE KRATOS</ownerDesignName>
<engineerTo>
<item key="1C495D76-464E-DE7B-D7D1-938C294B3E34" value="true"/>
</engineerTo>
<referedAttribute>1C28EC94-5921-E7DE-EECF-CFB9DA5688DD</referedAttribute>
<useDomainConstraints>false</useDomainConstraints>
<use>1</use>
<logicalDatatype>LOGDT011</logicalDatatype>
<ownDataTypeParameters>,,</ownDataTypeParameters>
</Attribute>
</attributes>
<identifiers itemClass="oracle.dbtools.crest.model.design.logical.CandidateKey">
<identifier id="A29125AB-4262-5737-3B60-1CC04EBC2AD4" name="Clase PK">
<createdBy>vilch</createdBy>
<createdTime>2021-03-26 08:20:06 UTC</createdTime>
<ownerDesignName>jose2</ownerDesignName>
<importedID>A4D7F0F1-57EF-7340-0BF6-94DE873CDBB4</importedID>
<engineerTo>
<item key="1C495D76-464E-DE7B-D7D1-938C294B3E34" value="true"/>
</engineerTo>
<pk>true</pk>
<usedAttributes>
<attributeRef>58F9A207-EC5D-C0E5-AC81-9761FFE2FE5A</attributeRef>
<attributeRef>B8B142DB-0B01-4B0C-FD97-420E74432AFF</attributeRef>
<attributeRef>46C86642-2E70-8842-9CA1-BCBCC8BEB131</attributeRef>
</usedAttributes>
</identifier>
</identifiers>
</Entity>