<?xml version = '1.0' encoding = 'UTF-8'?>
<Entity class="oracle.dbtools.crest.model.design.logical.Entity" directorySegmentName="seg_0" id="EDB7D73F-C263-13B4-8CB7-ECBA0171FAEB" name="Titulación">
<createdBy>vilch</createdBy>
<createdTime>2021-03-26 08:20:06 UTC</createdTime>
<ownerDesignName>jose2</ownerDesignName>
<importedID>80584F39-B5A6-AE35-D657-8E71B6C7E517</importedID>
<engineerTo>
<item key="1C495D76-464E-DE7B-D7D1-938C294B3E34" value="true"/>
</engineerTo>
<adequatelyNormalized>NO</adequatelyNormalized>
<expectedVolumes>0</expectedVolumes>
<fwdEngineeringStrategyName>Single Table</fwdEngineeringStrategyName>
<growthPercent>0</growthPercent>
<growthType>Year</growthType>
<maxVolumes>9999999</maxVolumes>
<minVolumes>0</minVolumes>
<normalForm>Third</normalForm>
<attributes itemClass="oracle.dbtools.crest.model.design.logical.Attribute">
<Attribute name="Codigo" id="D542D223-327A-F752-E2E1-7441D2053CF2">
<createdBy>vilch</createdBy>
<createdTime>2021-03-26 08:20:06 UTC</createdTime>
<ownerDesignName>jose2</ownerDesignName>
<importedID>91B23386-2A6A-588C-6C2D-1D244892FC06</importedID>
<engineerTo>
<item key="1C495D76-464E-DE7B-D7D1-938C294B3E34" value="true"/>
</engineerTo>
<useDomainConstraints>false</useDomainConstraints>
<use>1</use>
<logicalDatatype>LOGDT011</logicalDatatype>
<ownDataTypeParameters>,,</ownDataTypeParameters>
</Attribute>
<Attribute name="Nombre" id="D56A75E5-CC9D-9478-6D65-405A8B43DFF7">
<createdBy>vilch</createdBy>
<createdTime>2021-03-26 08:20:06 UTC</createdTime>
<ownerDesignName>jose2</ownerDesignName>
<importedID>E3E2A8C1-0E79-10A4-1A26-48047352CBA4</importedID>
<engineerTo>
<item key="1C495D76-464E-DE7B-D7D1-938C294B3E34" value="true"/>
</engineerTo>
<useDomainConstraints>false</useDomainConstraints>
<use>1</use>
<logicalDatatype>LOGDT024</logicalDatatype>
<dataTypeSize>30 CHAR</dataTypeSize>
<ownDataTypeParameters>30 CHAR,,</ownDataTypeParameters>
</Attribute>
<Attribute name="Créditos" id="DF6681EA-2EB6-5889-E4E5-7A7B2A012B8E">
<createdBy>vilch</createdBy>
<createdTime>2021-03-26 08:20:06 UTC</createdTime>
<ownerDesignName>jose2</ownerDesignName>
<importedID>08289763-2559-80B9-9B69-5B57E1497F36</importedID>
<engineerTo>
<item key="1C495D76-464E-DE7B-D7D1-938C294B3E34" value="true"/>
</engineerTo>
<useDomainConstraints>false</useDomainConstraints>
<use>1</use>
<logicalDatatype>LOGDT011</logicalDatatype>
<ownDataTypeParameters>,,</ownDataTypeParameters>
</Attribute>
</attributes>
<identifiers itemClass="oracle.dbtools.crest.model.design.logical.CandidateKey">
<identifier id="0B82BEE7-259B-C975-842E-5534B1D1D67A" name="Titulación PK">
<createdBy>vilch</createdBy>
<createdTime>2021-03-26 08:20:06 UTC</createdTime>
<ownerDesignName>jose2</ownerDesignName>
<importedID>FE404D7D-C632-F5A6-AEA2-B1C738F9F9AA</importedID>
<engineerTo>
<item key="1C495D76-464E-DE7B-D7D1-938C294B3E34" value="true"/>
</engineerTo>
<pk>true</pk>
<usedAttributes>
<attributeRef>D542D223-327A-F752-E2E1-7441D2053CF2</attributeRef>
</usedAttributes>
</identifier>
</identifiers>
</Entity>