<?xml version = '1.0' encoding = 'UTF-8'?>
<Relation class="oracle.dbtools.crest.model.design.logical.Relation" name="Relation_25" directorySegmentName="seg_0" id="1A87C4D2-9FB2-36DF-0079-9569C8E882F0">
<createdBy>vilch</createdBy>
<createdTime>2021-03-26 09:30:39 UTC</createdTime>
<ownerDesignName>ER_BASE DE KRATOS</ownerDesignName>
<engineerTo>
<item key="1C495D76-464E-DE7B-D7D1-938C294B3E34" value="true"/>
</engineerTo>
<sourcePk>3A7E6913-2C81-A78A-5488-6B31733C0C2D</sourcePk>
<targetPk>2D5A01B2-72F3-E859-1ECD-FB7833E60A3F</targetPk>
<identifying>true</identifying>
<optionalSource>true</optionalSource>
<optionalTarget>false</optionalTarget>
<sourceCardinality>1</sourceCardinality>
<sourceEntity>02412B5B-90CC-11A5-3651-C075675BAF4B</sourceEntity>
<targetCardinalityString>*</targetCardinalityString>
<targetEntity>4F841589-A66D-B3BD-835A-B4F502DFB559</targetEntity>
<transferable>true</transferable>
<deleteRule>NO ACTION</deleteRule>
</Relation>