<?xml version = '1.0' encoding = 'UTF-8'?>
<Relation class="oracle.dbtools.crest.model.design.logical.Relation" name="Relation_15" directorySegmentName="seg_0" id="22AAAE16-8E54-62E1-540A-3D9F5DC4C314">
<createdBy>vilch</createdBy>
<createdTime>2021-03-26 08:38:35 UTC</createdTime>
<ownerDesignName>jose2</ownerDesignName>
<engineerTo>
<item key="1C495D76-464E-DE7B-D7D1-938C294B3E34" value="true"/>
</engineerTo>
<sourcePk>FBEFE787-028D-72A9-D5FA-0976BF7DE87A</sourcePk>
<identifying>true</identifying>
<optionalSource>true</optionalSource>
<optionalTarget>false</optionalTarget>
<sourceCardinality>1</sourceCardinality>
<sourceEntity>BF12806A-F181-F7EE-B15C-8C72E45E561C</sourceEntity>
<targetCardinalityString>*</targetCardinalityString>
<targetEntity>BFDCC882-13F3-2B17-2497-F8602EC8AB01</targetEntity>
<transferable>true</transferable>
<deleteRule>NO ACTION</deleteRule>
</Relation>