<?xml version = '1.0' encoding = 'UTF-8'?>
<Relation class="oracle.dbtools.crest.model.design.logical.Relation" name="Relation_3" directorySegmentName="seg_0" id="3A06A2CC-F94D-42D8-9CB6-D339827D4295">
<createdBy>vilch</createdBy>
<createdTime>2021-03-26 08:33:36 UTC</createdTime>
<ownerDesignName>jose2</ownerDesignName>
<engineerTo>
<item key="1C495D76-464E-DE7B-D7D1-938C294B3E34" value="true"/>
</engineerTo>
<sourcePk>57FF0833-CDE2-4B6B-E931-57965B91A75B</sourcePk>
<identifying>false</identifying>
<optionalSource>true</optionalSource>
<optionalTarget>false</optionalTarget>
<sourceCardinality>1</sourceCardinality>
<sourceEntity>30C9B0E0-70B5-AC2C-3287-E6D7164DCCE4</sourceEntity>
<targetCardinalityString>*</targetCardinalityString>
<targetEntity>D2D64383-1BB4-524E-9078-42F0D1997101</targetEntity>
<transferable>true</transferable>
<deleteRule>NO ACTION</deleteRule>
</Relation>