<?xml version = '1.0' encoding = 'UTF-8'?>
<Relation class="oracle.dbtools.crest.model.design.logical.Relation" name="Relation_26" directorySegmentName="seg_0" id="4F0E95E6-71CA-93AD-AB53-53FDC71622F5">
<createdBy>vilch</createdBy>
<createdTime>2021-03-26 09:31:35 UTC</createdTime>
<ownerDesignName>ER_BASE DE KRATOS</ownerDesignName>
<engineerTo>
<item key="1C495D76-464E-DE7B-D7D1-938C294B3E34" value="true"/>
</engineerTo>
<sourcePk>3A7E6913-2C81-A78A-5488-6B31733C0C2D</sourcePk>
<targetPk>3A7E6913-2C81-A78A-5488-6B31733C0C2D</targetPk>
<identifying>false</identifying>
<optionalSource>true</optionalSource>
<optionalTarget>true</optionalTarget>
<sourceCardinality>1</sourceCardinality>
<sourceEntity>02412B5B-90CC-11A5-3651-C075675BAF4B</sourceEntity>
<targetCardinalityString>*</targetCardinalityString>
<targetEntity>02412B5B-90CC-11A5-3651-C075675BAF4B</targetEntity>
<transferable>true</transferable>
<deleteRule>NO ACTION</deleteRule>
</Relation>