<?xml version = '1.0' encoding = 'UTF-8'?>
<Relation class="oracle.dbtools.crest.model.design.logical.Relation" name="Relation_12" directorySegmentName="seg_0" id="52775A4F-2A57-4A2D-0AA9-1D4D01AA17BB">
<createdBy>vilch</createdBy>
<createdTime>2021-03-26 08:37:54 UTC</createdTime>
<ownerDesignName>jose2</ownerDesignName>
<engineerTo>
<item key="1C495D76-464E-DE7B-D7D1-938C294B3E34" value="true"/>
</engineerTo>
<sourcePk>0B82BEE7-259B-C975-842E-5534B1D1D67A</sourcePk>
<identifying>false</identifying>
<nameOnSource>pertenece </nameOnSource>
<nameOnTarget>tiene</nameOnTarget>
<optionalSource>true</optionalSource>
<optionalTarget>false</optionalTarget>
<sourceCardinality>1</sourceCardinality>
<sourceEntity>EDB7D73F-C263-13B4-8CB7-ECBA0171FAEB</sourceEntity>
<targetCardinalityString>*</targetCardinalityString>
<targetEntity>30C9B0E0-70B5-AC2C-3287-E6D7164DCCE4</targetEntity>
<transferable>true</transferable>
<deleteRule>NO ACTION</deleteRule>
</Relation>