<?xml version = '1.0' encoding = 'UTF-8'?>
<Relation class="oracle.dbtools.crest.model.design.logical.Relation" name="Relation_14" directorySegmentName="seg_0" id="533E785D-C04A-9BDE-44B0-923A890DFADF">
<createdBy>vilch</createdBy>
<createdTime>2021-03-26 08:38:18 UTC</createdTime>
<ownerDesignName>jose2</ownerDesignName>
<engineerTo>
<item key="1C495D76-464E-DE7B-D7D1-938C294B3E34" value="true"/>
</engineerTo>
<sourcePk>6645C31A-C58C-2761-89B1-2D82149E920D</sourcePk>
<targetPk>FBEFE787-028D-72A9-D5FA-0976BF7DE87A</targetPk>
<identifying>true</identifying>
<optionalSource>true</optionalSource>
<optionalTarget>false</optionalTarget>
<sourceCardinality>1</sourceCardinality>
<sourceEntity>1C418D02-C8B6-5159-7D27-4909BE45C3F3</sourceEntity>
<targetCardinalityString>*</targetCardinalityString>
<targetEntity>BF12806A-F181-F7EE-B15C-8C72E45E561C</targetEntity>
<transferable>true</transferable>
<deleteRule>NO ACTION</deleteRule>
</Relation>