<?xml version = '1.0' encoding = 'UTF-8'?>
<Relation class="oracle.dbtools.crest.model.design.logical.Relation" name="Relation_16" directorySegmentName="seg_0" id="614A2A2A-6564-0A78-ED74-969108775CFC">
<createdBy>vilch</createdBy>
<createdTime>2021-03-26 08:39:13 UTC</createdTime>
<ownerDesignName>jose2</ownerDesignName>
<engineerTo>
<item key="1C495D76-464E-DE7B-D7D1-938C294B3E34" value="true"/>
</engineerTo>
<sourcePk>57FF0833-CDE2-4B6B-E931-57965B91A75B</sourcePk>
<identifying>true</identifying>
<optionalSource>true</optionalSource>
<optionalTarget>false</optionalTarget>
<sourceCardinality>1</sourceCardinality>
<sourceEntity>30C9B0E0-70B5-AC2C-3287-E6D7164DCCE4</sourceEntity>
<targetCardinalityString>*</targetCardinalityString>
<targetEntity>4F841589-A66D-B3BD-835A-B4F502DFB559</targetEntity>
<transferable>true</transferable>
<deleteRule>NO ACTION</deleteRule>
</Relation>