<?xml version = '1.0' encoding = 'UTF-8'?>
<Relation class="oracle.dbtools.crest.model.design.logical.Relation" name="Relation_20" directorySegmentName="seg_0" id="7C825604-F648-1DDB-9947-8BECC6ADDCD5">
<createdBy>vilch</createdBy>
<createdTime>2021-03-26 09:27:15 UTC</createdTime>
<ownerDesignName>ER_BASE DE KRATOS</ownerDesignName>
<engineerTo>
<item key="1C495D76-464E-DE7B-D7D1-938C294B3E34" value="true"/>
</engineerTo>
<sourcePk>3A7E6913-2C81-A78A-5488-6B31733C0C2D</sourcePk>
<targetPk>A29125AB-4262-5737-3B60-1CC04EBC2AD4</targetPk>
<identifying>true</identifying>
<optionalSource>true</optionalSource>
<optionalTarget>false</optionalTarget>
<sourceCardinality>1</sourceCardinality>
<sourceEntity>02412B5B-90CC-11A5-3651-C075675BAF4B</sourceEntity>
<targetCardinalityString>*</targetCardinalityString>
<targetEntity>D2D64383-1BB4-524E-9078-42F0D1997101</targetEntity>
<transferable>true</transferable>
<deleteRule>NO ACTION</deleteRule>
</Relation>