<?xml version = '1.0' encoding = 'UTF-8'?>
<Relation class="oracle.dbtools.crest.model.design.logical.Relation" name="Relation_23" directorySegmentName="seg_0" id="7E36D6C4-15B0-2504-8F27-3FBCCC103E1B">
<createdBy>vilch</createdBy>
<createdTime>2021-03-26 09:28:47 UTC</createdTime>
<ownerDesignName>ER_BASE DE KRATOS</ownerDesignName>
<engineerTo>
<item key="1C495D76-464E-DE7B-D7D1-938C294B3E34" value="true"/>
</engineerTo>
<sourcePk>6645C31A-C58C-2761-89B1-2D82149E920D</sourcePk>
<targetPk>B51DA9B0-7374-7BC0-E287-773E5E314DE5</targetPk>
<identifying>false</identifying>
<optionalSource>true</optionalSource>
<optionalTarget>false</optionalTarget>
<sourceCardinality>1</sourceCardinality>
<sourceEntity>1C418D02-C8B6-5159-7D27-4909BE45C3F3</sourceEntity>
<targetCardinalityString>*</targetCardinalityString>
<targetEntity>68926BFE-CF3B-D645-1474-1F226D7C8A95</targetEntity>
<transferable>true</transferable>
<deleteRule>NO ACTION</deleteRule>
</Relation>