<?xml version = '1.0' encoding = 'UTF-8'?>
<Relation class="oracle.dbtools.crest.model.design.logical.Relation" name="Relation_18" directorySegmentName="seg_0" id="ADB7B8DF-989D-66F9-018C-3D7E432B9DE7">
<createdBy>vilch</createdBy>
<createdTime>2021-03-26 08:42:08 UTC</createdTime>
<ownerDesignName>jose2</ownerDesignName>
<engineerTo>
<item key="1C495D76-464E-DE7B-D7D1-938C294B3E34" value="true"/>
</engineerTo>
<sourcePk>7DA5AAD5-D69C-0B4E-0066-5537EBC4E8FC</sourcePk>
<identifying>false</identifying>
<optionalSource>true</optionalSource>
<optionalTarget>false</optionalTarget>
<sourceCardinality>1</sourceCardinality>
<sourceEntity>0449D161-264D-C767-C057-5570DAAACAF8</sourceEntity>
<targetCardinalityString>*</targetCardinalityString>
<targetEntity>1C418D02-C8B6-5159-7D27-4909BE45C3F3</targetEntity>
<transferable>true</transferable>
<deleteRule>NO ACTION</deleteRule>
</Relation>