<?xml version = '1.0' encoding = 'UTF-8'?>
<Relation class="oracle.dbtools.crest.model.design.logical.Relation" name="Relation_41" directorySegmentName="seg_0" id="C9EBB119-B5E8-92F7-37B8-ABA97AC7907E">
<createdBy>vilch</createdBy>
<createdTime>2021-03-26 21:21:54 UTC</createdTime>
<ownerDesignName>ER_BASE DE KRATOS</ownerDesignName>
<engineerTo>
<item key="1C495D76-464E-DE7B-D7D1-938C294B3E34" value="true"/>
</engineerTo>
<sourcePk>E190A80A-A88C-8A60-D375-1FB01F9FBB99</sourcePk>
<identifying>false</identifying>
<optionalSource>true</optionalSource>
<optionalTarget>false</optionalTarget>
<sourceCardinality>1</sourceCardinality>
<sourceEntity>1E1D298C-5B6A-4E78-38D0-1D3135DB7543</sourceEntity>
<targetCardinalityString>*</targetCardinalityString>
<targetEntity>7BC15A7A-7B3C-D9E6-4491-CD118E4842A2</targetEntity>
<transferable>true</transferable>
<deleteRule>NO ACTION</deleteRule>
</Relation>