<?xml version = '1.0' encoding = 'UTF-8'?>
<Relation class="oracle.dbtools.crest.model.design.logical.Relation" name="Relation_21" directorySegmentName="seg_0" id="CD8B2E30-DCB9-FC77-C3A0-5E8B853DFE12">
<createdBy>vilch</createdBy>
<createdTime>2021-03-26 08:42:38 UTC</createdTime>
<ownerDesignName>jose2</ownerDesignName>
<engineerTo>
<item key="1C495D76-464E-DE7B-D7D1-938C294B3E34" value="true"/>
</engineerTo>
<sourcePk>E190A80A-A88C-8A60-D375-1FB01F9FBB99</sourcePk>
<identifying>false</identifying>
<nameOnSource>tiene</nameOnSource>
<nameOnTarget>esta en</nameOnTarget>
<optionalSource>true</optionalSource>
<optionalTarget>false</optionalTarget>
<sourceCardinality>*</sourceCardinality>
<sourceEntity>1E1D298C-5B6A-4E78-38D0-1D3135DB7543</sourceEntity>
<targetCardinalityString>*</targetCardinalityString>
<targetEntity>EDB7D73F-C263-13B4-8CB7-ECBA0171FAEB</targetEntity>
<transferable>true</transferable>
<deleteRule>NO ACTION</deleteRule>
</Relation>