<?xml version = '1.0' encoding = 'UTF-8'?>
<Relation class="oracle.dbtools.crest.model.design.logical.Relation" name="Relation_19" directorySegmentName="seg_0" id="D615F0E8-76D4-9CF0-B90A-F38A2186674B">
<createdBy>vilch</createdBy>
<createdTime>2021-03-26 09:26:35 UTC</createdTime>
<ownerDesignName>ER_BASE DE KRATOS</ownerDesignName>
<engineerTo>
<item key="1C495D76-464E-DE7B-D7D1-938C294B3E34" value="true"/>
</engineerTo>
<sourcePk>0B82BEE7-259B-C975-842E-5534B1D1D67A</sourcePk>
<targetPk>3A7E6913-2C81-A78A-5488-6B31733C0C2D</targetPk>
<identifying>false</identifying>
<nameOnSource>estan en</nameOnSource>
<nameOnTarget>tiene</nameOnTarget>
<optionalSource>true</optionalSource>
<optionalTarget>false</optionalTarget>
<sourceCardinality>1</sourceCardinality>
<sourceEntity>EDB7D73F-C263-13B4-8CB7-ECBA0171FAEB</sourceEntity>
<targetCardinalityString>*</targetCardinalityString>
<targetEntity>02412B5B-90CC-11A5-3651-C075675BAF4B</targetEntity>
<transferable>true</transferable>
<deleteRule>NO ACTION</deleteRule>
</Relation>