<?xml version = '1.0' encoding = 'UTF-8'?>
<Relation class="oracle.dbtools.crest.model.design.logical.Relation" name="Relation_6" directorySegmentName="seg_0" id="DD3A200A-77AE-487D-CCCD-BB634C8AE1CA">
<createdBy>vilch</createdBy>
<createdTime>2021-03-26 08:34:12 UTC</createdTime>
<ownerDesignName>jose2</ownerDesignName>
<engineerTo>
<item key="1C495D76-464E-DE7B-D7D1-938C294B3E34" value="true"/>
</engineerTo>
<sourcePk>57FF0833-CDE2-4B6B-E931-57965B91A75B</sourcePk>
<identifying>true</identifying>
<optionalSource>true</optionalSource>
<optionalTarget>false</optionalTarget>
<sourceCardinality>1</sourceCardinality>
<sourceEntity>30C9B0E0-70B5-AC2C-3287-E6D7164DCCE4</sourceEntity>
<targetCardinalityString>*</targetCardinalityString>
<targetEntity>BFDCC882-13F3-2B17-2497-F8602EC8AB01</targetEntity>
<transferable>true</transferable>
<deleteRule>NO ACTION</deleteRule>
</Relation>