<?xml version = '1.0' encoding = 'UTF-8'?>
<Relation class="oracle.dbtools.crest.model.design.logical.Relation" name="Relation_11" directorySegmentName="seg_0" id="F128D040-FFF6-D1C4-2F89-47EE11F73CD2">
<createdBy>vilch</createdBy>
<createdTime>2021-03-26 08:37:05 UTC</createdTime>
<ownerDesignName>jose2</ownerDesignName>
<engineerTo>
<item key="1C495D76-464E-DE7B-D7D1-938C294B3E34" value="true"/>
</engineerTo>
<sourcePk>3A7E6913-2C81-A78A-5488-6B31733C0C2D</sourcePk>
<identifying>false</identifying>
<optionalSource>true</optionalSource>
<optionalTarget>true</optionalTarget>
<sourceCardinality>1</sourceCardinality>
<sourceEntity>02412B5B-90CC-11A5-3651-C075675BAF4B</sourceEntity>
<targetCardinalityString>*</targetCardinalityString>
<targetEntity>BFDCC882-13F3-2B17-2497-F8602EC8AB01</targetEntity>
<transferable>true</transferable>
<deleteRule>NO ACTION</deleteRule>
</Relation>