<?xml version = '1.0' encoding = 'UTF-8'?>
<Relation class="oracle.dbtools.crest.model.design.logical.Relation" name="Relation_17" directorySegmentName="seg_0" id="F19EF709-9919-6C90-71D1-87EA875F9D91">
<createdBy>vilch</createdBy>
<createdTime>2021-03-26 08:39:30 UTC</createdTime>
<ownerDesignName>jose2</ownerDesignName>
<engineerTo>
<item key="1C495D76-464E-DE7B-D7D1-938C294B3E34" value="true"/>
</engineerTo>
<identifying>false</identifying>
<optionalSource>true</optionalSource>
<optionalTarget>true</optionalTarget>
<sourceCardinality>*</sourceCardinality>
<sourceEntity>68926BFE-CF3B-D645-1474-1F226D7C8A95</sourceEntity>
<targetCardinalityString>*</targetCardinalityString>
<targetEntity>4F841589-A66D-B3BD-835A-B4F502DFB559</targetEntity>
<transferable>true</transferable>
<deleteRule>NO ACTION</deleteRule>
</Relation>