<?xml version = '1.0' encoding = 'UTF-8'?>
<Diagram class="oracle.dbtools.crest.swingui.relational.DPVRelational" name="Relational_1" id="AB017D71-CC77-36F4-113F-21E3C12AFBE0">
<createdBy>vilch</createdBy>
<modifiedBy>vilch</modifiedBy>
<createdTime>2021-03-26 08:20:06 UTC</createdTime>
<autoRoute>false</autoRoute>
<boxInbox>true</boxInbox>
<showLegend>false</showLegend>
<showLabels>false</showLabels>
<showRelAttributes>false</showRelAttributes>
<gridEnabled>false</gridEnabled>
<showGrid>false</showGrid>
<diagramColor>-1</diagramColor>
<display>false</display>
<notation>1</notation>
<objectViews>
<OView class="oracle.dbtools.crest.swingui.relational.TVTable" oid="0722FC5D-A089-ED50-D8E8-91FFBCFAF42E" otype="Table" vid="302F5BD6-11E5-8597-4823-E20FB4084C08">
<hideElementsInCurrentOnly>false</hideElementsInCurrentOnly>
<bounds x="60" y="64" width="180" height="132"/>
</OView>
<OView class="oracle.dbtools.crest.swingui.relational.TVTable" oid="0DCE094D-1024-1461-345F-D5F9B5F2F1FD" otype="Table" vid="0A4385F6-86B4-FA9D-698B-62449859CBB5">
<hideElementsInCurrentOnly>false</hideElementsInCurrentOnly>
<bounds x="660" y="448" width="183" height="64"/>
</OView>
<OView class="oracle.dbtools.crest.swingui.relational.TVTable" oid="3E507D20-2249-0C57-6D10-8A43B962E115" otype="Table" vid="BFA2933D-6C33-97BA-F945-9D00286C03DC">
<hideElementsInCurrentOnly>false</hideElementsInCurrentOnly>
<bounds x="240" y="430" width="170" height="110"/>
</OView>
<OView class="oracle.dbtools.crest.swingui.relational.TVTable" oid="4BE5E462-472E-B325-E460-7D61D76A5666" otype="Table" vid="3EB290F4-FF9A-74FA-4B39-D0A328F8B67D">
<hideElementsInCurrentOnly>false</hideElementsInCurrentOnly>
<bounds x="81" y="666" width="164" height="90"/>
</OView>
<OView class="oracle.dbtools.crest.swingui.relational.TVTable" oid="4F75E533-66AA-76E9-80A4-4338FF7952AA" otype="Table" vid="E909A878-8533-0B8E-ECDA-27168A97A00F">
<hideElementsInCurrentOnly>false</hideElementsInCurrentOnly>
<bounds x="81" y="460" width="150" height="90"/>
</OView>
<OView class="oracle.dbtools.crest.swingui.relational.TVTable" oid="689ABBED-D18A-0F77-8566-3F610772FCA6" otype="Table" vid="6D0FF674-7C46-7ABA-8DCB-375B079AC089">
<hideElementsInCurrentOnly>false</hideElementsInCurrentOnly>
<bounds x="325" y="236" width="280" height="68"/>
</OView>
<OView class="oracle.dbtools.crest.swingui.relational.TVTable" oid="9474CCB9-C909-2D82-68DA-A6E9FCF3EFEE" otype="Table" vid="3BB4311A-841C-5D52-664C-B12DAC561AD3">
<hideElementsInCurrentOnly>false</hideElementsInCurrentOnly>
<bounds x="934" y="474" width="184" height="178"/>
</OView>
<OView class="oracle.dbtools.crest.swingui.relational.TVTable" oid="C3115191-C1CF-69D0-1DD8-D89A24132469" otype="Table" vid="E9D4EF14-12C5-364C-15A7-6173C24C1508">
<hideElementsInCurrentOnly>false</hideElementsInCurrentOnly>
<bounds x="914" y="159" width="170" height="183"/>
</OView>
<OView class="oracle.dbtools.crest.swingui.relational.TVTable" oid="DDBFB114-CBF8-7C15-A043-E243E5A8521B" otype="Table" vid="353EECFD-117F-7D2C-E2AE-EE39F4BB865F">
<hideElementsInCurrentOnly>false</hideElementsInCurrentOnly>
<bounds x="376" y="675" width="182" height="61"/>
</OView>
<OView class="oracle.dbtools.crest.swingui.relational.TVTable" oid="E3C94A69-3D66-C52D-CD58-BE8A2F2ADA48" otype="Table" vid="23E91023-75E5-21E8-F739-B525C921F154">
<hideElementsInCurrentOnly>false</hideElementsInCurrentOnly>
<bounds x="662" y="296" width="188" height="76"/>
</OView>
<OView class="oracle.dbtools.crest.swingui.relational.TVTable" oid="ED1BB8AB-AC21-5D83-AA2B-3C1B94963D65" otype="Table" vid="496AF62B-D0D2-2E40-3354-39EA2B916B16">
<hideElementsInCurrentOnly>false</hideElementsInCurrentOnly>
<bounds x="679" y="95" width="170" height="110"/>
</OView>
<OView class="oracle.dbtools.crest.swingui.relational.TVTable" oid="F49CC4C8-0223-2A33-5C27-AA02DC36505A" otype="Table" vid="4E957930-A882-62C9-0006-28BE301A42FB">
<hideElementsInCurrentOnly>false</hideElementsInCurrentOnly>
<bounds x="373" y="504" width="174" height="136"/>
</OView>
<OView class="oracle.dbtools.crest.swingui.relational.TVTable" oid="FAB8AEF9-AB2D-4BB7-607C-F1B1FD118FED" otype="Table" vid="914143BC-5928-C9D0-C42B-848D645DA81A">
<hideElementsInCurrentOnly>false</hideElementsInCurrentOnly>
<bounds x="71" y="314" width="175" height="276"/>
</OView>
</objectViews>
<connectors>
<Connector class="oracle.dbtools.crest.swingui.relational.TVFKRelation" oid="19BCB61B-461A-B1DC-5A84-3E149ECF55EB" otype="FKIndexAssociation" vid_source="302F5BD6-11E5-8597-4823-E20FB4084C08" vid_target="914143BC-5928-C9D0-C42B-848D645DA81A">
<hideElementsInCurrentOnly>false</hideElementsInCurrentOnly>
<backgroundColor>-16777216</backgroundColor>
<lineWidth>1</lineWidth>
<points>
<point x="155" y="196"/>
<point x="155" y="314"/>
</points>
</Connector>
<Connector class="oracle.dbtools.crest.swingui.relational.TVFKRelation" oid="1B882123-19D8-7075-BFDE-0C83949F2141" otype="FKIndexAssociation" vid_source="23E91023-75E5-21E8-F739-B525C921F154" vid_target="BFA2933D-6C33-97BA-F945-9D00286C03DC">
<hideElementsInCurrentOnly>false</hideElementsInCurrentOnly>
<backgroundColor>-16777216</backgroundColor>
<lineWidth>1</lineWidth>
<points>
<point x="662" y="366"/>
<point x="410" y="455"/>
</points>
</Connector>
<Connector class="oracle.dbtools.crest.swingui.relational.TVFKRelation" oid="1EC90DC7-9566-33E1-3A51-486F7B179C70" otype="FKIndexAssociation" vid_source="0A4385F6-86B4-FA9D-698B-62449859CBB5" vid_target="BFA2933D-6C33-97BA-F945-9D00286C03DC">
<hideElementsInCurrentOnly>false</hideElementsInCurrentOnly>
<backgroundColor>-16777216</backgroundColor>
<lineWidth>1</lineWidth>
<points>
<point x="660" y="495"/>
<point x="410" y="495"/>
</points>
</Connector>
<Connector class="oracle.dbtools.crest.swingui.relational.TVFKRelation" oid="4668F4A4-F6C5-6DF4-D06A-BDF2D9D8A413" otype="FKIndexAssociation" vid_source="914143BC-5928-C9D0-C42B-848D645DA81A" vid_target="0A4385F6-86B4-FA9D-698B-62449859CBB5">
<hideElementsInCurrentOnly>false</hideElementsInCurrentOnly>
<backgroundColor>-16777216</backgroundColor>
<lineWidth>1</lineWidth>
<points>
<point x="246" y="480"/>
<point x="660" y="480"/>
</points>
</Connector>
<Connector class="oracle.dbtools.crest.swingui.relational.TVFKRelation" oid="54AC95EB-949B-17B2-6CAB-15B820B5DE54" otype="FKIndexAssociation" vid_source="914143BC-5928-C9D0-C42B-848D645DA81A" vid_target="3EB290F4-FF9A-74FA-4B39-D0A328F8B67D">
<hideElementsInCurrentOnly>false</hideElementsInCurrentOnly>
<backgroundColor>-16777216</backgroundColor>
<lineWidth>1</lineWidth>
<points>
<point x="178" y="590"/>
<point x="178" y="666"/>
</points>
</Connector>
<Connector class="oracle.dbtools.crest.swingui.relational.TVFKRelation" oid="92142BC4-4C7C-5B32-E5EA-2CF14F15B39A" otype="FKIndexAssociation" vid_source="4E957930-A882-62C9-0006-28BE301A42FB" vid_target="353EECFD-117F-7D2C-E2AE-EE39F4BB865F">
<hideElementsInCurrentOnly>false</hideElementsInCurrentOnly>
<backgroundColor>-16777216</backgroundColor>
<lineWidth>1</lineWidth>
<points>
<point x="461" y="640"/>
<point x="461" y="675"/>
</points>
</Connector>
<Connector class="oracle.dbtools.crest.swingui.relational.TVFKRelation" oid="B814CE4C-510E-D676-1F40-27F583746F3D" otype="FKIndexAssociation" vid_source="914143BC-5928-C9D0-C42B-848D645DA81A" vid_target="E909A878-8533-0B8E-ECDA-27168A97A00F">
<hideElementsInCurrentOnly>false</hideElementsInCurrentOnly>
<backgroundColor>-16777216</backgroundColor>
<lineWidth>1</lineWidth>
<points>
<point x="246" y="505"/>
<point x="81" y="505"/>
</points>
</Connector>
<Connector class="oracle.dbtools.crest.swingui.relational.TVFKRelation" oid="DC7371B1-FFF2-08F4-7A64-E247F5B19613" otype="FKIndexAssociation" vid_source="3BB4311A-841C-5D52-664C-B12DAC561AD3" vid_target="353EECFD-117F-7D2C-E2AE-EE39F4BB865F">
<hideElementsInCurrentOnly>false</hideElementsInCurrentOnly>
<backgroundColor>-16777216</backgroundColor>
<lineWidth>1</lineWidth>
<points>
<point x="934" y="586"/>
<point x="558" y="682"/>
</points>
</Connector>
<Connector class="oracle.dbtools.crest.swingui.relational.TVFKRelation" oid="E407B5B2-693E-6D3D-B776-677AD2A76DBB" otype="FKIndexAssociation" vid_source="302F5BD6-11E5-8597-4823-E20FB4084C08" vid_target="6D0FF674-7C46-7ABA-8DCB-375B079AC089">
<hideElementsInCurrentOnly>false</hideElementsInCurrentOnly>
<backgroundColor>-16777216</backgroundColor>
<lineWidth>1</lineWidth>
<points>
<point x="240" y="170"/>
<point x="388" y="236"/>
</points>
</Connector>
<Connector class="oracle.dbtools.crest.swingui.relational.TVFKRelation" oid="EDEAC1B2-B96B-44D1-6F57-B7F8CF6A9D3B" otype="FKIndexAssociation" vid_source="6D0FF674-7C46-7ABA-8DCB-375B079AC089" vid_target="4E957930-A882-62C9-0006-28BE301A42FB">
<hideElementsInCurrentOnly>false</hideElementsInCurrentOnly>
<backgroundColor>-16777216</backgroundColor>
<lineWidth>1</lineWidth>
<points>
<point x="475" y="304"/>
<point x="475" y="504"/>
</points>
</Connector>
<Connector class="oracle.dbtools.crest.swingui.relational.TVFKRelation" oid="FBC1B3F6-2061-4CAA-0B4B-89B9DBA9DEAC" otype="FKIndexAssociation" vid_source="914143BC-5928-C9D0-C42B-848D645DA81A" vid_target="353EECFD-117F-7D2C-E2AE-EE39F4BB865F">
<hideElementsInCurrentOnly>false</hideElementsInCurrentOnly>
<backgroundColor>-16777216</backgroundColor>
<lineWidth>1</lineWidth>
<points>
<point x="246" y="579"/>
<point x="429" y="675"/>
</points>
</Connector>
</connectors>
</Diagram>