<?xml version = '1.0' encoding = 'UTF-8'?>
<Diagram class="oracle.dbtools.crest.swingui.logical.DPVLogical" name="Logical" id="1668372B-C2B7-2F4C-DE4B-60DF915534C9">
<createdBy>vilch</createdBy>
<modifiedBy>vilch</modifiedBy>
<createdTime>2021-03-26 08:17:31 UTC</createdTime>
<autoRoute>false</autoRoute>
<boxInbox>true</boxInbox>
<showLegend>false</showLegend>
<showLabels>true</showLabels>
<showRelAttributes>false</showRelAttributes>
<gridEnabled>false</gridEnabled>
<showGrid>false</showGrid>
<diagramColor>-1</diagramColor>
<display>false</display>
<notation>1</notation>
<objectViews>
<OView class="oracle.dbtools.crest.swingui.logical.TVEntity" oid="02412B5B-90CC-11A5-3651-C075675BAF4B" otype="Entity" vid="46289E5F-C6FE-8BD4-1602-8AAA204905D6">
<hideElementsInCurrentOnly>false</hideElementsInCurrentOnly>
<bounds x="930" y="629" width="184" height="178"/>
</OView>
<OView class="oracle.dbtools.crest.swingui.logical.TVEntity" oid="0449D161-264D-C767-C057-5570DAAACAF8" otype="Entity" vid="9AB5A07B-C3CE-8D87-37B3-486F65E18F0A">
<hideElementsInCurrentOnly>false</hideElementsInCurrentOnly>
<bounds x="914" y="159" width="170" height="183"/>
</OView>
<OView class="oracle.dbtools.crest.swingui.logical.TVEntity" oid="1C418D02-C8B6-5159-7D27-4909BE45C3F3" otype="Entity" vid="DEB97FAF-6BC8-8D5F-FBA9-6F322BBAA071">
<hideElementsInCurrentOnly>false</hideElementsInCurrentOnly>
<bounds x="325" y="209" width="280" height="68"/>
</OView>
<OView class="oracle.dbtools.crest.swingui.logical.TVEntity" oid="1E1D298C-5B6A-4E78-38D0-1D3135DB7543" otype="Entity" vid="86679604-1C69-FCF6-23D7-72274CE5FDDF">
<hideElementsInCurrentOnly>false</hideElementsInCurrentOnly>
<bounds x="679" y="95" width="170" height="110"/>
</OView>
<OView class="oracle.dbtools.crest.swingui.logical.TVEntity" oid="30C9B0E0-70B5-AC2C-3287-E6D7164DCCE4" otype="Entity" vid="26BC1452-83B7-0766-CDCE-B6A7EE2D8EF5">
<hideElementsInCurrentOnly>false</hideElementsInCurrentOnly>
<bounds x="63" y="329" width="175" height="276"/>
</OView>
<OView class="oracle.dbtools.crest.swingui.logical.TVEntity" oid="4F841589-A66D-B3BD-835A-B4F502DFB559" otype="Entity" vid="53ED47BF-2074-1480-CC7B-CEE694B0AD87">
<hideElementsInCurrentOnly>false</hideElementsInCurrentOnly>
<bounds x="563" y="454" width="183" height="64"/>
</OView>
<OView class="oracle.dbtools.crest.swingui.logical.TVEntity" oid="68926BFE-CF3B-D645-1474-1F226D7C8A95" otype="Entity" vid="AF4C411B-C127-C0D9-898D-16D518996542">
<hideElementsInCurrentOnly>false</hideElementsInCurrentOnly>
<bounds x="459" y="325" width="188" height="76"/>
</OView>
<OView class="oracle.dbtools.crest.swingui.logical.TVEntity" oid="7BC15A7A-7B3C-D9E6-4491-CD118E4842A2" otype="Entity" vid="73B07A7D-3E59-87F8-96FA-77EB28506E14">
<hideElementsInCurrentOnly>false</hideElementsInCurrentOnly>
<bounds x="824" y="407" width="182" height="145"/>
</OView>
<OView class="oracle.dbtools.crest.swingui.logical.TVEntity" oid="9FF0BFAB-142C-D4C1-068C-79FC6D544543" otype="Entity" vid="28694B8F-18B6-B30B-4774-6616BD607DBD">
<hideElementsInCurrentOnly>false</hideElementsInCurrentOnly>
<bounds x="73" y="496" width="150" height="90"/>
</OView>
<OView class="oracle.dbtools.crest.swingui.logical.TVEntity" oid="BF12806A-F181-F7EE-B15C-8C72E45E561C" otype="Entity" vid="ABE15B90-86B0-C2B4-04BB-8B14F3BB72EB">
<hideElementsInCurrentOnly>false</hideElementsInCurrentOnly>
<bounds x="290" y="508" width="174" height="136"/>
</OView>
<OView class="oracle.dbtools.crest.swingui.logical.TVEntity" oid="BFDCC882-13F3-2B17-2497-F8602EC8AB01" otype="Entity" vid="9A6D83CE-2620-15F0-BC00-3483E76AD44F">
<hideElementsInCurrentOnly>false</hideElementsInCurrentOnly>
<bounds x="316" y="697" width="182" height="61"/>
</OView>
<OView class="oracle.dbtools.crest.swingui.logical.TVEntity" oid="D2D64383-1BB4-524E-9078-42F0D1997101" otype="Entity" vid="7588155B-755D-2308-B661-043798F31DA7">
<hideElementsInCurrentOnly>false</hideElementsInCurrentOnly>
<bounds x="91" y="733" width="164" height="90"/>
</OView>
<OView class="oracle.dbtools.crest.swingui.logical.TVEntity" oid="EDB7D73F-C263-13B4-8CB7-ECBA0171FAEB" otype="Entity" vid="11865D3E-CF7E-7385-19E1-8D8DF9D90D86">
<hideElementsInCurrentOnly>false</hideElementsInCurrentOnly>
<bounds x="60" y="64" width="180" height="132"/>
</OView>
</objectViews>
<connectors>
<Connector class="oracle.dbtools.crest.swingui.logical.TVRelation" oid="1A87C4D2-9FB2-36DF-0079-9569C8E882F0" otype="Relation" vid_source="46289E5F-C6FE-8BD4-1602-8AAA204905D6" vid_target="53ED47BF-2074-1480-CC7B-CEE694B0AD87">
<hideElementsInCurrentOnly>false</hideElementsInCurrentOnly>
<backgroundColor>-16777216</backgroundColor>
<lineWidth>1</lineWidth>
<points>
<point x="930" y="660"/>
<point x="701" y="660"/>
<point x="701" y="518"/>
</points>
</Connector>
<Connector class="oracle.dbtools.crest.swingui.logical.TVRelation" oid="22AAAE16-8E54-62E1-540A-3D9F5DC4C314" otype="Relation" vid_source="ABE15B90-86B0-C2B4-04BB-8B14F3BB72EB" vid_target="9A6D83CE-2620-15F0-BC00-3483E76AD44F">
<hideElementsInCurrentOnly>false</hideElementsInCurrentOnly>
<backgroundColor>-16777216</backgroundColor>
<lineWidth>1</lineWidth>
<points>
<point x="390" y="644"/>
<point x="390" y="697"/>
</points>
</Connector>
<Connector class="oracle.dbtools.crest.swingui.logical.TVRelation" oid="3A06A2CC-F94D-42D8-9CB6-D339827D4295" otype="Relation" vid_source="26BC1452-83B7-0766-CDCE-B6A7EE2D8EF5" vid_target="7588155B-755D-2308-B661-043798F31DA7">
<hideElementsInCurrentOnly>false</hideElementsInCurrentOnly>
<backgroundColor>-16777216</backgroundColor>
<lineWidth>1</lineWidth>
<points>
<point x="164" y="605"/>
<point x="164" y="733"/>
</points>
</Connector>
<Connector class="oracle.dbtools.crest.swingui.logical.TVInheritanceRelation" oid="414ED04D-298A-571D-C901-F0D82B480BE8" otype="Hierarchy relation" vid_source="26BC1452-83B7-0766-CDCE-B6A7EE2D8EF5" vid_target="28694B8F-18B6-B30B-4774-6616BD607DBD">
<hideElementsInCurrentOnly>false</hideElementsInCurrentOnly>
<backgroundColor>-65536</backgroundColor>
<lineWidth>1</lineWidth>
</Connector>
<Connector class="oracle.dbtools.crest.swingui.logical.TVRelation" oid="4F0E95E6-71CA-93AD-AB53-53FDC71622F5" otype="Relation" vid_source="46289E5F-C6FE-8BD4-1602-8AAA204905D6" vid_target="46289E5F-C6FE-8BD4-1602-8AAA204905D6">
<hideElementsInCurrentOnly>false</hideElementsInCurrentOnly>
<backgroundColor>-16777216</backgroundColor>
<lineWidth>1</lineWidth>
<points>
<point x="1114" y="733"/>
<point x="1164" y="733"/>
<point x="1164" y="857"/>
<point x="1038" y="857"/>
<point x="1038" y="807"/>
</points>
</Connector>
<Connector class="oracle.dbtools.crest.swingui.logical.TVRelation" oid="52775A4F-2A57-4A2D-0AA9-1D4D01AA17BB" otype="Relation" vid_source="11865D3E-CF7E-7385-19E1-8D8DF9D90D86" vid_target="26BC1452-83B7-0766-CDCE-B6A7EE2D8EF5">
<hideElementsInCurrentOnly>false</hideElementsInCurrentOnly>
<backgroundColor>-16777216</backgroundColor>
<lineWidth>1</lineWidth>
<sourceLabel class="oracle.dbtools.crest.model.design.Label">
<site>0</site>
<labelBounds x="150" y="232" width="39" height="30"/>
<noBackgroundColor>true</noBackgroundColor>
<noForegroundColor>true</noForegroundColor>
</sourceLabel>
<targetLabel class="oracle.dbtools.crest.model.design.Label">
<site>2</site>
<labelBounds x="150" y="285" width="63" height="30"/>
<noBackgroundColor>true</noBackgroundColor>
<noForegroundColor>true</noForegroundColor>
</targetLabel>
<points>
<point x="150" y="196"/>
<point x="150" y="329"/>
</points>
</Connector>
<Connector class="oracle.dbtools.crest.swingui.logical.TVRelation" oid="533E785D-C04A-9BDE-44B0-923A890DFADF" otype="Relation" vid_source="DEB97FAF-6BC8-8D5F-FBA9-6F322BBAA071" vid_target="ABE15B90-86B0-C2B4-04BB-8B14F3BB72EB">
<hideElementsInCurrentOnly>false</hideElementsInCurrentOnly>
<backgroundColor>-16777216</backgroundColor>
<lineWidth>1</lineWidth>
<points>
<point x="394" y="277"/>
<point x="394" y="508"/>
</points>
</Connector>
<Connector class="oracle.dbtools.crest.swingui.logical.TVRelation" oid="614A2A2A-6564-0A78-ED74-969108775CFC" otype="Relation" vid_source="26BC1452-83B7-0766-CDCE-B6A7EE2D8EF5" vid_target="53ED47BF-2074-1480-CC7B-CEE694B0AD87">
<hideElementsInCurrentOnly>false</hideElementsInCurrentOnly>
<backgroundColor>-16777216</backgroundColor>
<lineWidth>1</lineWidth>
<points>
<point x="238" y="486"/>
<point x="563" y="486"/>
</points>
</Connector>
<Connector class="oracle.dbtools.crest.swingui.logical.TVRelation" oid="7C825604-F648-1DDB-9947-8BECC6ADDCD5" otype="Relation" vid_source="46289E5F-C6FE-8BD4-1602-8AAA204905D6" vid_target="7588155B-755D-2308-B661-043798F31DA7">
<hideElementsInCurrentOnly>false</hideElementsInCurrentOnly>
<backgroundColor>-16777216</backgroundColor>
<lineWidth>1</lineWidth>
<points>
<point x="930" y="770"/>
<point x="255" y="770"/>
</points>
</Connector>
<Connector class="oracle.dbtools.crest.swingui.logical.TVRelation" oid="7E36D6C4-15B0-2504-8F27-3FBCCC103E1B" otype="Relation" vid_source="DEB97FAF-6BC8-8D5F-FBA9-6F322BBAA071" vid_target="AF4C411B-C127-C0D9-898D-16D518996542">
<hideElementsInCurrentOnly>false</hideElementsInCurrentOnly>
<backgroundColor>-16777216</backgroundColor>
<lineWidth>1</lineWidth>
<points>
<point x="532" y="277"/>
<point x="532" y="325"/>
</points>
</Connector>
<Connector class="oracle.dbtools.crest.swingui.logical.TVRelation" oid="ADB7B8DF-989D-66F9-018C-3D7E432B9DE7" otype="Relation" vid_source="9AB5A07B-C3CE-8D87-37B3-486F65E18F0A" vid_target="DEB97FAF-6BC8-8D5F-FBA9-6F322BBAA071">
<hideElementsInCurrentOnly>false</hideElementsInCurrentOnly>
<backgroundColor>-16777216</backgroundColor>
<lineWidth>1</lineWidth>
<points>
<point x="914" y="243"/>
<point x="605" y="243"/>
</points>
</Connector>
<Connector class="oracle.dbtools.crest.swingui.logical.TVRelation" oid="C9EBB119-B5E8-92F7-37B8-ABA97AC7907E" otype="Relation" vid_source="86679604-1C69-FCF6-23D7-72274CE5FDDF" vid_target="73B07A7D-3E59-87F8-96FA-77EB28506E14">
<hideElementsInCurrentOnly>false</hideElementsInCurrentOnly>
<backgroundColor>-16777216</backgroundColor>
<lineWidth>1</lineWidth>
<points>
<point x="836" y="205"/>
<point x="836" y="407"/>
</points>
</Connector>
<Connector class="oracle.dbtools.crest.swingui.logical.TVRelation" oid="CD8B2E30-DCB9-FC77-C3A0-5E8B853DFE12" otype="Relation" vid_source="86679604-1C69-FCF6-23D7-72274CE5FDDF" vid_target="11865D3E-CF7E-7385-19E1-8D8DF9D90D86">
<hideElementsInCurrentOnly>false</hideElementsInCurrentOnly>
<backgroundColor>-16777216</backgroundColor>
<lineWidth>1</lineWidth>
<sourceLabel class="oracle.dbtools.crest.model.design.Label">
<site>0</site>
<labelBounds x="624" y="100" width="49" height="30"/>
<noBackgroundColor>true</noBackgroundColor>
<noForegroundColor>true</noForegroundColor>
</sourceLabel>
<targetLabel class="oracle.dbtools.crest.model.design.Label">
<site>2</site>
<labelBounds x="250" y="133" width="39" height="30"/>
<noBackgroundColor>true</noBackgroundColor>
<noForegroundColor>true</noForegroundColor>
</targetLabel>
<points>
<point x="679" y="130"/>
<point x="240" y="130"/>
</points>
</Connector>
<Connector class="oracle.dbtools.crest.swingui.logical.TVRelation" oid="D615F0E8-76D4-9CF0-B90A-F38A2186674B" otype="Relation" vid_source="11865D3E-CF7E-7385-19E1-8D8DF9D90D86" vid_target="46289E5F-C6FE-8BD4-1602-8AAA204905D6">
<hideElementsInCurrentOnly>false</hideElementsInCurrentOnly>
<backgroundColor>-16777216</backgroundColor>
<lineWidth>1</lineWidth>
<sourceLabel class="oracle.dbtools.crest.model.design.Label">
<site>0</site>
<labelBounds x="250" y="56" width="45" height="30"/>
<noBackgroundColor>true</noBackgroundColor>
<noForegroundColor>true</noForegroundColor>
</sourceLabel>
<targetLabel class="oracle.dbtools.crest.model.design.Label">
<site>2</site>
<labelBounds x="1096" y="585" width="55" height="30"/>
<noBackgroundColor>true</noBackgroundColor>
<noForegroundColor>true</noForegroundColor>
</targetLabel>
<points>
<point x="240" y="86"/>
<point x="1096" y="86"/>
<point x="1096" y="629"/>
</points>
</Connector>
<Connector class="oracle.dbtools.crest.swingui.logical.TVRelation" oid="DD3A200A-77AE-487D-CCCD-BB634C8AE1CA" otype="Relation" vid_source="26BC1452-83B7-0766-CDCE-B6A7EE2D8EF5" vid_target="9A6D83CE-2620-15F0-BC00-3483E76AD44F">
<hideElementsInCurrentOnly>false</hideElementsInCurrentOnly>
<backgroundColor>-16777216</backgroundColor>
<lineWidth>1</lineWidth>
<points>
<point x="209" y="605"/>
<point x="209" y="713"/>
<point x="316" y="713"/>
</points>
</Connector>
<Connector class="oracle.dbtools.crest.swingui.logical.TVRelation" oid="F128D040-FFF6-D1C4-2F89-47EE11F73CD2" otype="Relation" vid_source="46289E5F-C6FE-8BD4-1602-8AAA204905D6" vid_target="9A6D83CE-2620-15F0-BC00-3483E76AD44F">
<hideElementsInCurrentOnly>false</hideElementsInCurrentOnly>
<backgroundColor>-16777216</backgroundColor>
<lineWidth>1</lineWidth>
<points>
<point x="930" y="727"/>
<point x="498" y="727"/>
</points>
</Connector>
<Connector class="oracle.dbtools.crest.swingui.logical.TVRelation" oid="F19EF709-9919-6C90-71D1-87EA875F9D91" otype="Relation" vid_source="AF4C411B-C127-C0D9-898D-16D518996542" vid_target="53ED47BF-2074-1480-CC7B-CEE694B0AD87">
<hideElementsInCurrentOnly>false</hideElementsInCurrentOnly>
<backgroundColor>-16777216</backgroundColor>
<lineWidth>1</lineWidth>
<points>
<point x="605" y="401"/>
<point x="605" y="454"/>
</points>
</Connector>
</connectors>
</Diagram>