<?xml version = '1.0' encoding = 'UTF-8'?>
<FKIndexAssociation class="oracle.dbtools.crest.model.design.relational.FKIndexAssociation" directorySegmentName="seg_0" id="19BCB61B-461A-B1DC-5A84-3E149ECF55EB" containerWithKeyObject="FAB8AEF9-AB2D-4BB7-607C-F1B1FD118FED" localFKIndex="EE10AC4C-714C-991B-43CB-43BC27C8B74C" name="Asignatura_Titulación_FK">
<createdBy>vilch</createdBy>
<createdTime>2021-03-26 08:40:13 UTC</createdTime>
<generatorID>52775A4F-2A57-4A2D-0AA9-1D4D01AA17BB</generatorID>
<ownerDesignName>jose2</ownerDesignName>
<referredTableLongName>Titulación</referredTableLongName>
<deleteRule>NO ACTION</deleteRule>
<referredTableID>0722FC5D-A089-ED50-D8E8-91FFBCFAF42E</referredTableID>
<keyObject>EA22250A-3A64-3E0D-7F35-CFBC7F01C305</keyObject>
<referredKeyID>EA22250A-3A64-3E0D-7F35-CFBC7F01C305</referredKeyID>
<mandatory>true</mandatory>
<refColNames>Codigo</refColNames>
<transferable>true</transferable>
<rely>false</rely>
<columnDependencyConstraintGenerateInDDL>true</columnDependencyConstraintGenerateInDDL>
</FKIndexAssociation>