<?xml version = '1.0' encoding = 'UTF-8'?>
<FKIndexAssociation class="oracle.dbtools.crest.model.design.relational.FKIndexAssociation" directorySegmentName="seg_0" id="1B882123-19D8-7075-BFDE-0C83949F2141" containerWithKeyObject="3E507D20-2249-0C57-6D10-8A43B962E115" localFKIndex="49ECD81A-6188-4F28-769F-5F3776D851D1" name="Relation_17_Encuesta_FK">
<createdBy>vilch</createdBy>
<createdTime>2021-03-26 08:40:13 UTC</createdTime>
<generatorID>F19EF709-9919-6C90-71D1-87EA875F9D91</generatorID>
<ownerDesignName>jose2</ownerDesignName>
<referredTableLongName>Encuesta</referredTableLongName>
<deleteRule>NO ACTION</deleteRule>
<referredTableID>E3C94A69-3D66-C52D-CD58-BE8A2F2ADA48</referredTableID>
<keyObject>240EC9F4-D224-F98E-41C2-1E79203BB4C9</keyObject>
<referredKeyID>240EC9F4-D224-F98E-41C2-1E79203BB4C9</referredKeyID>
<mandatory>true</mandatory>
<refColNames>Fecha_de_envio</refColNames>
<transferable>true</transferable>
<rely>false</rely>
<columnDependencyConstraintGenerateInDDL>true</columnDependencyConstraintGenerateInDDL>
</FKIndexAssociation>