<?xml version = '1.0' encoding = 'UTF-8'?>
<FKIndexAssociation class="oracle.dbtools.crest.model.design.relational.FKIndexAssociation" directorySegmentName="seg_0" id="1EC90DC7-9566-33E1-3A51-486F7B179C70" containerWithKeyObject="3E507D20-2249-0C57-6D10-8A43B962E115" localFKIndex="81F28E90-FCE6-E288-D6BF-6F585590ED35" name="Relation_17_Grupos_por_Asignatura_FK">
<createdBy>vilch</createdBy>
<createdTime>2021-03-26 08:40:13 UTC</createdTime>
<generatorID>F19EF709-9919-6C90-71D1-87EA875F9D91</generatorID>
<ownerDesignName>jose2</ownerDesignName>
<referredTableLongName>Grupos_por_Asignatura</referredTableLongName>
<deleteRule>NO ACTION</deleteRule>
<referredTableID>0DCE094D-1024-1461-345F-D5F9B5F2F1FD</referredTableID>
<keyObject>1109669A-AC91-E2FF-73C0-DEEF8B2C98C3</keyObject>
<referredKeyID>1109669A-AC91-E2FF-73C0-DEEF8B2C98C3</referredKeyID>
<mandatory>true</mandatory>
<refColNames>Curso_Academico,Asignatura_Referencia</refColNames>
<transferable>true</transferable>
<rely>false</rely>
<columnDependencyConstraintGenerateInDDL>true</columnDependencyConstraintGenerateInDDL>
</FKIndexAssociation>