<?xml version = '1.0' encoding = 'UTF-8'?>
<FKIndexAssociation class="oracle.dbtools.crest.model.design.relational.FKIndexAssociation" directorySegmentName="seg_0" id="4668F4A4-F6C5-6DF4-D06A-BDF2D9D8A413" containerWithKeyObject="0DCE094D-1024-1461-345F-D5F9B5F2F1FD" localFKIndex="98B43F4B-0412-9895-314C-E97332230B53" name="Grupos_por_Asignatura_Asignatura_FK">
<createdBy>vilch</createdBy>
<createdTime>2021-03-26 08:40:13 UTC</createdTime>
<generatorID>614A2A2A-6564-0A78-ED74-969108775CFC</generatorID>
<ownerDesignName>jose2</ownerDesignName>
<referredTableLongName>Asignatura</referredTableLongName>
<deleteRule>NO ACTION</deleteRule>
<referredTableID>FAB8AEF9-AB2D-4BB7-607C-F1B1FD118FED</referredTableID>
<keyObject>59419B8B-2E0F-5F50-155A-D9D2091EC387</keyObject>
<referredKeyID>59419B8B-2E0F-5F50-155A-D9D2091EC387</referredKeyID>
<mandatory>true</mandatory>
<refColNames>Referencia</refColNames>
<transferable>true</transferable>
<rely>false</rely>
<columnDependencyConstraintGenerateInDDL>true</columnDependencyConstraintGenerateInDDL>
</FKIndexAssociation>