<?xml version = '1.0' encoding = 'UTF-8'?>
<FKIndexAssociation class="oracle.dbtools.crest.model.design.relational.FKIndexAssociation" directorySegmentName="seg_0" id="54AC95EB-949B-17B2-6CAB-15B820B5DE54" containerWithKeyObject="4BE5E462-472E-B325-E460-7D61D76A5666" localFKIndex="532A1E62-A59B-A917-DDFA-72D0AE3E39AB" name="Clase_Asignatura_FK">
<createdBy>vilch</createdBy>
<createdTime>2021-03-26 08:40:13 UTC</createdTime>
<generatorID>3A06A2CC-F94D-42D8-9CB6-D339827D4295</generatorID>
<ownerDesignName>jose2</ownerDesignName>
<referredTableLongName>Asignatura</referredTableLongName>
<deleteRule>NO ACTION</deleteRule>
<referredTableID>FAB8AEF9-AB2D-4BB7-607C-F1B1FD118FED</referredTableID>
<keyObject>59419B8B-2E0F-5F50-155A-D9D2091EC387</keyObject>
<referredKeyID>59419B8B-2E0F-5F50-155A-D9D2091EC387</referredKeyID>
<mandatory>true</mandatory>
<refColNames>Referencia</refColNames>
<transferable>true</transferable>
<rely>false</rely>
<columnDependencyConstraintGenerateInDDL>true</columnDependencyConstraintGenerateInDDL>
</FKIndexAssociation>