<?xml version = '1.0' encoding = 'UTF-8'?>
<FKIndexAssociation class="oracle.dbtools.crest.model.design.relational.FKIndexAssociation" directorySegmentName="seg_0" id="92142BC4-4C7C-5B32-E5EA-2CF14F15B39A" containerWithKeyObject="DDBFB114-CBF8-7C15-A043-E243E5A8521B" localFKIndex="5A9FDFCB-B579-B27B-2C1F-9472D08ED2C9" name="Asig_Matriculas_Matrícula_FK">
<createdBy>vilch</createdBy>
<createdTime>2021-03-26 08:40:13 UTC</createdTime>
<generatorID>22AAAE16-8E54-62E1-540A-3D9F5DC4C314</generatorID>
<ownerDesignName>jose2</ownerDesignName>
<referredTableLongName>Matrícula</referredTableLongName>
<deleteRule>NO ACTION</deleteRule>
<referredTableID>F49CC4C8-0223-2A33-5C27-AA02DC36505A</referredTableID>
<keyObject>AA7DF2D2-F26E-FB72-2CF4-004BE49F623A</keyObject>
<referredKeyID>AA7DF2D2-F26E-FB72-2CF4-004BE49F623A</referredKeyID>
<mandatory>true</mandatory>
<refColNames>Curso_Académico,Expediente_Nº_expediente</refColNames>
<transferable>true</transferable>
<rely>false</rely>
<columnDependencyConstraintGenerateInDDL>true</columnDependencyConstraintGenerateInDDL>
</FKIndexAssociation>