<?xml version = '1.0' encoding = 'UTF-8'?>
<FKIndexAssociation class="oracle.dbtools.crest.model.design.relational.FKIndexAssociation" directorySegmentName="seg_0" id="B814CE4C-510E-D676-1F40-27F583746F3D" containerWithKeyObject="4F75E533-66AA-76E9-80A4-4338FF7952AA" localFKIndex="A2324AB7-CE98-9A4D-84F0-F77A7D2474E4" name="Optativa_Asignatura_FK">
<createdBy>vilch</createdBy>
<createdTime>2021-03-26 08:40:13 UTC</createdTime>
<generatorID>414ED04D-298A-571D-C901-F0D82B480BE8</generatorID>
<ownerDesignName>jose2</ownerDesignName>
<referredTableLongName>Asignatura</referredTableLongName>
<deleteRule>NO ACTION</deleteRule>
<referredTableID>FAB8AEF9-AB2D-4BB7-607C-F1B1FD118FED</referredTableID>
<keyObject>59419B8B-2E0F-5F50-155A-D9D2091EC387</keyObject>
<referredKeyID>59419B8B-2E0F-5F50-155A-D9D2091EC387</referredKeyID>
<mandatory>true</mandatory>
<refColNames>Referencia</refColNames>
<transferable>true</transferable>
<rely>false</rely>
<columnDependencyConstraintGenerateInDDL>true</columnDependencyConstraintGenerateInDDL>
</FKIndexAssociation>