<?xml version = '1.0' encoding = 'UTF-8'?>
<FKIndexAssociation class="oracle.dbtools.crest.model.design.relational.FKIndexAssociation" directorySegmentName="seg_0" id="DC7371B1-FFF2-08F4-7A64-E247F5B19613" containerWithKeyObject="DDBFB114-CBF8-7C15-A043-E243E5A8521B" localFKIndex="C5E2F28C-C3D9-64F7-8655-BD8E3440659D" name="Asig_Matriculas_Grupo_FK">
<createdBy>vilch</createdBy>
<createdTime>2021-03-26 08:40:13 UTC</createdTime>
<generatorID>F128D040-FFF6-D1C4-2F89-47EE11F73CD2</generatorID>
<ownerDesignName>jose2</ownerDesignName>
<referredTableLongName>Grupo</referredTableLongName>
<deleteRule>NO ACTION</deleteRule>
<referredTableID>9474CCB9-C909-2D82-68DA-A6E9FCF3EFEE</referredTableID>
<keyObject>1A2357D5-BA6A-DFD1-26FB-3744FE2E627A</keyObject>
<referredKeyID>1A2357D5-BA6A-DFD1-26FB-3744FE2E627A</referredKeyID>
<mandatory>false</mandatory>
<refColNames>ID</refColNames>
<transferable>true</transferable>
<rely>false</rely>
<columnDependencyConstraintGenerateInDDL>true</columnDependencyConstraintGenerateInDDL>
</FKIndexAssociation>