<?xml version = '1.0' encoding = 'UTF-8'?>
<FKIndexAssociation class="oracle.dbtools.crest.model.design.relational.FKIndexAssociation" directorySegmentName="seg_0" id="E407B5B2-693E-6D3D-B776-677AD2A76DBB" containerWithKeyObject="689ABBED-D18A-0F77-8566-3F610772FCA6" localFKIndex="192B4A7F-8D51-C878-94B0-94C67BD071B5" name="Expediente_Titulación_FK">
<createdBy>vilch</createdBy>
<createdTime>2021-03-26 08:40:13 UTC</createdTime>
<generatorID>DC985CB2-727C-556B-4717-15CEBE72FB13</generatorID>
<ownerDesignName>jose2</ownerDesignName>
<referredTableLongName>Titulación</referredTableLongName>
<deleteRule>NO ACTION</deleteRule>
<referredTableID>0722FC5D-A089-ED50-D8E8-91FFBCFAF42E</referredTableID>
<keyObject>EA22250A-3A64-3E0D-7F35-CFBC7F01C305</keyObject>
<referredKeyID>EA22250A-3A64-3E0D-7F35-CFBC7F01C305</referredKeyID>
<mandatory>true</mandatory>
<refColNames>Codigo</refColNames>
<transferable>true</transferable>
<rely>false</rely>
<columnDependencyConstraintGenerateInDDL>true</columnDependencyConstraintGenerateInDDL>
</FKIndexAssociation>