<?xml version = '1.0' encoding = 'UTF-8'?>
<FKIndexAssociation class="oracle.dbtools.crest.model.design.relational.FKIndexAssociation" directorySegmentName="seg_0" id="EDEAC1B2-B96B-44D1-6F57-B7F8CF6A9D3B" containerWithKeyObject="F49CC4C8-0223-2A33-5C27-AA02DC36505A" localFKIndex="0F0BAA9E-6E92-AFEE-BECB-1B6D3EBD3F65" name="Matrícula_Expediente_FK">
<createdBy>vilch</createdBy>
<createdTime>2021-03-26 08:40:13 UTC</createdTime>
<generatorID>533E785D-C04A-9BDE-44B0-923A890DFADF</generatorID>
<ownerDesignName>jose2</ownerDesignName>
<referredTableLongName>Expediente</referredTableLongName>
<deleteRule>NO ACTION</deleteRule>
<referredTableID>689ABBED-D18A-0F77-8566-3F610772FCA6</referredTableID>
<keyObject>06790BA8-6F23-B74E-15B8-7B56907D6708</keyObject>
<referredKeyID>06790BA8-6F23-B74E-15B8-7B56907D6708</referredKeyID>
<mandatory>true</mandatory>
<refColNames>Nº_expediente</refColNames>
<transferable>true</transferable>
<rely>false</rely>
<columnDependencyConstraintGenerateInDDL>true</columnDependencyConstraintGenerateInDDL>
</FKIndexAssociation>