<?xml version = '1.0' encoding = 'UTF-8'?>
<FKIndexAssociation class="oracle.dbtools.crest.model.design.relational.FKIndexAssociation" directorySegmentName="seg_0" id="FBC1B3F6-2061-4CAA-0B4B-89B9DBA9DEAC" containerWithKeyObject="DDBFB114-CBF8-7C15-A043-E243E5A8521B" localFKIndex="690B031D-4E7A-2556-D782-C10D63027DE7" name="Asig_Matriculas_Asignatura_FK">
<createdBy>vilch</createdBy>
<createdTime>2021-03-26 08:40:13 UTC</createdTime>
<generatorID>DD3A200A-77AE-487D-CCCD-BB634C8AE1CA</generatorID>
<ownerDesignName>jose2</ownerDesignName>
<referredTableLongName>Asignatura</referredTableLongName>
<deleteRule>NO ACTION</deleteRule>
<referredTableID>FAB8AEF9-AB2D-4BB7-607C-F1B1FD118FED</referredTableID>
<keyObject>59419B8B-2E0F-5F50-155A-D9D2091EC387</keyObject>
<referredKeyID>59419B8B-2E0F-5F50-155A-D9D2091EC387</referredKeyID>
<mandatory>true</mandatory>
<refColNames>Referencia</refColNames>
<transferable>true</transferable>
<rely>false</rely>
<columnDependencyConstraintGenerateInDDL>true</columnDependencyConstraintGenerateInDDL>
</FKIndexAssociation>