<?xml version = '1.0' encoding = 'UTF-8'?>
<InheritanceRelation class="oracle.dbtools.crest.model.design.logical.InheritanceRelation" name="Hierarchy_1" directorySegmentName="seg_0" id="414ED04D-298A-571D-C901-F0D82B480BE8">
<createdBy>vilch</createdBy>
<createdTime>2021-03-26 08:20:06 UTC</createdTime>
<ownerDesignName>pruebadatamodeler</ownerDesignName>
<importedID>F4C3ECAD-94FC-9B48-2874-4C6B486E6E50</importedID>
<engineerTo>
<item key="1C495D76-464E-DE7B-D7D1-938C294B3E34" value="true"/>
</engineerTo>
<identifying>false</identifying>
<nameOnSource>Super Type</nameOnSource>
<nameOnTarget>Sub Type</nameOnTarget>
<optionalSource>true</optionalSource>
<optionalTarget>true</optionalTarget>
<sourceEntity>30C9B0E0-70B5-AC2C-3287-E6D7164DCCE4</sourceEntity>
<targetEntity>9FF0BFAB-142C-D4C1-068C-79FC6D544543</targetEntity>
<transferable>true</transferable>
<deleteRule>NO ACTION</deleteRule>
</InheritanceRelation>