<?xml version = '1.0' encoding = 'UTF-8'?>
<Table class="oracle.dbtools.crest.model.design.relational.Table" directorySegmentName="seg_0" id="0722FC5D-A089-ED50-D8E8-91FFBCFAF42E" name="Titulación">
<createdBy>vilch</createdBy>
<createdTime>2021-03-26 08:40:13 UTC</createdTime>
<generatorID>EDB7D73F-C263-13B4-8CB7-ECBA0171FAEB</generatorID>
<ownerDesignName>jose2</ownerDesignName>
<allowColumnReorder>false</allowColumnReorder>
<existDependencyGenerateInDDl>true</existDependencyGenerateInDDl>
<parsed>true</parsed>
<columns itemClass="oracle.dbtools.crest.model.design.relational.Column">
<Column name="Codigo" id="0736A7CA-0493-E16C-5131-FFE3C28BDC0A">
<createdBy>vilch</createdBy>
<createdTime>2021-03-26 08:40:13 UTC</createdTime>
<generatorID>D542D223-327A-F752-E2E1-7441D2053CF2</generatorID>
<ownerDesignName>jose2</ownerDesignName>
<useDomainConstraints>false</useDomainConstraints>
<use>1</use>
<logicalDatatype>LOGDT011</logicalDatatype>
<ownDataTypeParameters>,,</ownDataTypeParameters>
<autoIncrementCycle>false</autoIncrementCycle>
</Column>
<Column name="Nombre" id="C4D9B503-CE5C-5F9F-DE53-E64EBFF10584">
<createdBy>vilch</createdBy>
<createdTime>2021-03-26 08:40:13 UTC</createdTime>
<generatorID>D56A75E5-CC9D-9478-6D65-405A8B43DFF7</generatorID>
<ownerDesignName>jose2</ownerDesignName>
<useDomainConstraints>false</useDomainConstraints>
<use>1</use>
<logicalDatatype>LOGDT024</logicalDatatype>
<dataTypeSize>30 CHAR</dataTypeSize>
<ownDataTypeParameters>30 CHAR,,</ownDataTypeParameters>
<autoIncrementCycle>false</autoIncrementCycle>
</Column>
<Column name="Créditos" id="CBBF12DA-50DD-9B9B-E0FF-7FB96F19FC32">
<createdBy>vilch</createdBy>
<createdTime>2021-03-26 08:40:13 UTC</createdTime>
<generatorID>DF6681EA-2EB6-5889-E4E5-7A7B2A012B8E</generatorID>
<ownerDesignName>jose2</ownerDesignName>
<useDomainConstraints>false</useDomainConstraints>
<use>1</use>
<logicalDatatype>LOGDT011</logicalDatatype>
<ownDataTypeParameters>,,</ownDataTypeParameters>
<autoIncrementCycle>false</autoIncrementCycle>
</Column>
</columns>
<indexes itemClass="oracle.dbtools.crest.model.design.relational.Index">
<ind_PK_UK id="EA22250A-3A64-3E0D-7F35-CFBC7F01C305" name="Titulación_PK">
<createdBy>vilch</createdBy>
<createdTime>2021-03-26 08:40:13 UTC</createdTime>
<generatorID>0B82BEE7-259B-C975-842E-5534B1D1D67A</generatorID>
<ownerDesignName>jose2</ownerDesignName>
<pk>true</pk>
<indexState>Primary Constraint</indexState>
<isSurrogateKey>false</isSurrogateKey>
<indexColumnUsage>
<colUsage columnID="0736A7CA-0493-E16C-5131-FFE3C28BDC0A"/>
</indexColumnUsage>
</ind_PK_UK>
</indexes>
</Table>