<?xml version = '1.0' encoding = 'UTF-8'?>
<Table class="oracle.dbtools.crest.model.design.relational.Table" directorySegmentName="seg_0" id="0DCE094D-1024-1461-345F-D5F9B5F2F1FD" name="Grupos_por_Asignatura">
<createdBy>vilch</createdBy>
<createdTime>2021-03-26 08:40:13 UTC</createdTime>
<generatorID>4F841589-A66D-B3BD-835A-B4F502DFB559</generatorID>
<ownerDesignName>jose2</ownerDesignName>
<allowColumnReorder>false</allowColumnReorder>
<existDependencyGenerateInDDl>true</existDependencyGenerateInDDl>
<parsed>true</parsed>
<columns itemClass="oracle.dbtools.crest.model.design.relational.Column">
<Column name="Curso_Academico" id="6BC60BC1-31F3-0F31-4991-66507D4F91F5">
<createdBy>vilch</createdBy>
<createdTime>2021-03-26 08:40:13 UTC</createdTime>
<generatorID>95A70417-6F57-6FC8-B03D-FE8B40EDB421</generatorID>
<ownerDesignName>jose2</ownerDesignName>
<useDomainConstraints>false</useDomainConstraints>
<use>1</use>
<logicalDatatype>LOGDT024</logicalDatatype>
<dataTypeSize>20 CHAR</dataTypeSize>
<ownDataTypeParameters>20 CHAR,,</ownDataTypeParameters>
<autoIncrementCycle>false</autoIncrementCycle>
</Column>
<Column name="Oferta" id="5A338C71-C954-A60B-C455-D07A817B2456">
<createdBy>vilch</createdBy>
<createdTime>2021-03-26 08:40:13 UTC</createdTime>
<generatorID>5EBB5F41-E9A4-8F2E-EEAE-7023ADD2435D</generatorID>
<ownerDesignName>jose2</ownerDesignName>
<nullsAllowed>true</nullsAllowed>
<useDomainConstraints>false</useDomainConstraints>
<use>1</use>
<logicalDatatype>LOGDT006</logicalDatatype>
<dataTypeSize>1 CHAR</dataTypeSize>
<ownDataTypeParameters>1 CHAR,,</ownDataTypeParameters>
<autoIncrementCycle>false</autoIncrementCycle>
</Column>
<Column name="Asignatura_Referencia" id="60E3031C-7E61-52E1-4469-510871F6CD0A">
<createdBy>vilch</createdBy>
<createdTime>2021-03-26 08:40:13 UTC</createdTime>
<generatorID>71ED2738-FDA3-A591-369B-448E4BDC8C0B</generatorID>
<ownerDesignName>jose2</ownerDesignName>
<useDomainConstraints>false</useDomainConstraints>
<use>1</use>
<logicalDatatype>LOGDT011</logicalDatatype>
<ownDataTypeParameters>,,</ownDataTypeParameters>
<previousColumn>false</previousColumn>
<autoIncrementCycle>false</autoIncrementCycle>
<associations>
<colAssociation fkAssociation="4668F4A4-F6C5-6DF4-D06A-BDF2D9D8A413" referredColumn="006B96A8-17D4-6FD4-9785-AD846C8D7527"/>
</associations>
</Column>
</columns>
<indexes itemClass="oracle.dbtools.crest.model.design.relational.Index">
<ind_PK_UK id="1109669A-AC91-E2FF-73C0-DEEF8B2C98C3" name="Grupos_por_Asignatura_PK">
<createdBy>vilch</createdBy>
<createdTime>2021-03-26 08:40:13 UTC</createdTime>
<generatorID>2D5A01B2-72F3-E859-1ECD-FB7833E60A3F</generatorID>
<ownerDesignName>jose2</ownerDesignName>
<pk>true</pk>
<indexState>Primary Constraint</indexState>
<isSurrogateKey>false</isSurrogateKey>
<indexColumnUsage>
<colUsage columnID="6BC60BC1-31F3-0F31-4991-66507D4F91F5"/>
<colUsage columnID="60E3031C-7E61-52E1-4469-510871F6CD0A"/>
</indexColumnUsage>
</ind_PK_UK>
<ind_PK_UK id="98B43F4B-0412-9895-314C-E97332230B53" name="Grupos_por_Asignatura_Asignatura_FK">
<createdBy>vilch</createdBy>
<createdTime>2021-03-26 08:40:13 UTC</createdTime>
<generatorID>614A2A2A-6564-0A78-ED74-969108775CFC</generatorID>
<ownerDesignName>jose2</ownerDesignName>
<indexState>Foreign Key</indexState>
<isSurrogateKey>false</isSurrogateKey>
<indexColumnUsage>
<colUsage columnID="60E3031C-7E61-52E1-4469-510871F6CD0A"/>
</indexColumnUsage>
</ind_PK_UK>
</indexes>
</Table>