<?xml version = '1.0' encoding = 'UTF-8'?>
<Table class="oracle.dbtools.crest.model.design.relational.Table" directorySegmentName="seg_0" id="3E507D20-2249-0C57-6D10-8A43B962E115" name="Relation_17">
<createdBy>vilch</createdBy>
<createdTime>2021-03-26 08:40:13 UTC</createdTime>
<ownerDesignName>jose2</ownerDesignName>
<allowColumnReorder>false</allowColumnReorder>
<existDependencyGenerateInDDl>true</existDependencyGenerateInDDl>
<parsed>true</parsed>
<columns itemClass="oracle.dbtools.crest.model.design.relational.Column">
<Column name="Encuesta_Fecha_de_envio" id="97C86EA6-655E-5B58-0513-E7CB103DBDE8">
<createdBy>vilch</createdBy>
<createdTime>2021-03-26 08:40:13 UTC</createdTime>
<ownerDesignName>jose2</ownerDesignName>
<useDomainConstraints>false</useDomainConstraints>
<use>1</use>
<logicalDatatype>LOGDT007</logicalDatatype>
<ownDataTypeParameters>,,</ownDataTypeParameters>
<previousColumn>false</previousColumn>
<autoIncrementCycle>false</autoIncrementCycle>
<associations>
<colAssociation fkAssociation="1B882123-19D8-7075-BFDE-0C83949F2141" referredColumn="2FFF6504-0411-3C4D-B7AD-19C601FB3FBF"/>
</associations>
</Column>
<Column name="Grupos_por_Asignatura_Curso_Academico" id="A02F6FA6-17F2-7B07-673C-27C8C8BEB26D">
<createdBy>vilch</createdBy>
<createdTime>2021-03-26 08:40:13 UTC</createdTime>
<ownerDesignName>jose2</ownerDesignName>
<useDomainConstraints>false</useDomainConstraints>
<use>1</use>
<logicalDatatype>LOGDT024</logicalDatatype>
<dataTypeSize>20 CHAR</dataTypeSize>
<ownDataTypeParameters>20 CHAR,,</ownDataTypeParameters>
<previousColumn>false</previousColumn>
<autoIncrementCycle>false</autoIncrementCycle>
<associations>
<colAssociation fkAssociation="1EC90DC7-9566-33E1-3A51-486F7B179C70" referredColumn="6BC60BC1-31F3-0F31-4991-66507D4F91F5"/>
</associations>
</Column>
<Column name="Grupos_por_Asignatura_Asignatura_Referencia" id="CE20FF7B-FCA4-5F21-EDA2-DE45B9A5D5C1">
<createdBy>vilch</createdBy>
<createdTime>2021-03-26 08:40:13 UTC</createdTime>
<ownerDesignName>jose2</ownerDesignName>
<useDomainConstraints>false</useDomainConstraints>
<use>1</use>
<logicalDatatype>LOGDT011</logicalDatatype>
<ownDataTypeParameters>,,</ownDataTypeParameters>
<previousColumn>false</previousColumn>
<autoIncrementCycle>false</autoIncrementCycle>
<associations>
<colAssociation fkAssociation="1EC90DC7-9566-33E1-3A51-486F7B179C70" referredColumn="60E3031C-7E61-52E1-4469-510871F6CD0A"/>
</associations>
</Column>
</columns>
<indexes itemClass="oracle.dbtools.crest.model.design.relational.Index">
<ind_PK_UK id="EFF9B6D1-6417-B10F-1F74-E9DA70D54291" name="Relation_17_PK">
<createdBy>vilch</createdBy>
<createdTime>2021-03-26 08:40:13 UTC</createdTime>
<ownerDesignName>jose2</ownerDesignName>
<pk>true</pk>
<indexState>Primary Constraint</indexState>
<isSurrogateKey>false</isSurrogateKey>
<indexColumnUsage>
<colUsage columnID="97C86EA6-655E-5B58-0513-E7CB103DBDE8"/>
<colUsage columnID="A02F6FA6-17F2-7B07-673C-27C8C8BEB26D"/>
<colUsage columnID="CE20FF7B-FCA4-5F21-EDA2-DE45B9A5D5C1"/>
</indexColumnUsage>
</ind_PK_UK>
<ind_PK_UK id="49ECD81A-6188-4F28-769F-5F3776D851D1" name="Relation_17_Encuesta_FK">
<createdBy>vilch</createdBy>
<createdTime>2021-03-26 08:40:13 UTC</createdTime>
<generatorID>F19EF709-9919-6C90-71D1-87EA875F9D91</generatorID>
<ownerDesignName>jose2</ownerDesignName>
<indexState>Foreign Key</indexState>
<isSurrogateKey>false</isSurrogateKey>
<indexColumnUsage>
<colUsage columnID="97C86EA6-655E-5B58-0513-E7CB103DBDE8"/>
</indexColumnUsage>
</ind_PK_UK>
<ind_PK_UK id="81F28E90-FCE6-E288-D6BF-6F585590ED35" name="Relation_17_Grupos_por_Asignatura_FK">
<createdBy>vilch</createdBy>
<createdTime>2021-03-26 08:40:13 UTC</createdTime>
<generatorID>F19EF709-9919-6C90-71D1-87EA875F9D91</generatorID>
<ownerDesignName>jose2</ownerDesignName>
<indexState>Foreign Key</indexState>
<isSurrogateKey>false</isSurrogateKey>
<indexColumnUsage>
<colUsage columnID="A02F6FA6-17F2-7B07-673C-27C8C8BEB26D"/>
<colUsage columnID="CE20FF7B-FCA4-5F21-EDA2-DE45B9A5D5C1"/>
</indexColumnUsage>
</ind_PK_UK>
</indexes>
</Table>