<?xml version = '1.0' encoding = 'UTF-8'?>
<Table class="oracle.dbtools.crest.model.design.relational.Table" directorySegmentName="seg_0" id="4BE5E462-472E-B325-E460-7D61D76A5666" name="Clase">
<createdBy>vilch</createdBy>
<createdTime>2021-03-26 08:40:13 UTC</createdTime>
<generatorID>D2D64383-1BB4-524E-9078-42F0D1997101</generatorID>
<ownerDesignName>jose2</ownerDesignName>
<allowColumnReorder>false</allowColumnReorder>
<existDependencyGenerateInDDl>true</existDependencyGenerateInDDl>
<parsed>true</parsed>
<columns itemClass="oracle.dbtools.crest.model.design.relational.Column">
<Column name="Día" id="4DAE0F6A-4050-2EC6-1491-C461CCF79B3C">
<createdBy>vilch</createdBy>
<createdTime>2021-03-26 08:40:13 UTC</createdTime>
<generatorID>58F9A207-EC5D-C0E5-AC81-9761FFE2FE5A</generatorID>
<ownerDesignName>jose2</ownerDesignName>
<useDomainConstraints>false</useDomainConstraints>
<use>1</use>
<logicalDatatype>LOGDT007</logicalDatatype>
<ownDataTypeParameters>,,</ownDataTypeParameters>
<autoIncrementCycle>false</autoIncrementCycle>
</Column>
<Column name="Hora_inicio" id="37AC5F7A-E0B9-8C8D-8FD9-DA114A13A8BE">
<createdBy>vilch</createdBy>
<createdTime>2021-03-26 08:40:13 UTC</createdTime>
<generatorID>B8B142DB-0B01-4B0C-FD97-420E74432AFF</generatorID>
<ownerDesignName>jose2</ownerDesignName>
<useDomainConstraints>false</useDomainConstraints>
<use>1</use>
<logicalDatatype>LOGDT024</logicalDatatype>
<dataTypeSize>20 CHAR</dataTypeSize>
<ownDataTypeParameters>20 CHAR,,</ownDataTypeParameters>
<autoIncrementCycle>false</autoIncrementCycle>
</Column>
<Column name="Hora_fin" id="3BE8198C-2823-B6A0-89B4-256C545FE7DD">
<createdBy>vilch</createdBy>
<createdTime>2021-03-26 08:40:13 UTC</createdTime>
<generatorID>A1A86403-6F18-FEEE-4AE3-821AE89D83A3</generatorID>
<ownerDesignName>jose2</ownerDesignName>
<nullsAllowed>true</nullsAllowed>
<useDomainConstraints>false</useDomainConstraints>
<use>1</use>
<logicalDatatype>LOGDT024</logicalDatatype>
<ownDataTypeParameters>,,</ownDataTypeParameters>
<autoIncrementCycle>false</autoIncrementCycle>
</Column>
<Column name="Asignatura_Referencia" id="E2DC423C-A1A7-A237-0B2D-E9778AA4959A">
<createdBy>vilch</createdBy>
<createdTime>2021-03-26 08:40:13 UTC</createdTime>
<generatorID>AF802B98-BDBB-6C4E-32C9-9AACC4EA716F</generatorID>
<ownerDesignName>jose2</ownerDesignName>
<useDomainConstraints>false</useDomainConstraints>
<use>1</use>
<logicalDatatype>LOGDT011</logicalDatatype>
<ownDataTypeParameters>,,</ownDataTypeParameters>
<previousColumn>false</previousColumn>
<autoIncrementCycle>false</autoIncrementCycle>
<associations>
<colAssociation fkAssociation="54AC95EB-949B-17B2-6CAB-15B820B5DE54" referredColumn="006B96A8-17D4-6FD4-9785-AD846C8D7527"/>
</associations>
</Column>
</columns>
<indexes itemClass="oracle.dbtools.crest.model.design.relational.Index">
<ind_PK_UK id="9176C155-C7E2-8DA0-2425-ABFCCA166634" name="Clase_PK">
<createdBy>vilch</createdBy>
<createdTime>2021-03-26 08:40:13 UTC</createdTime>
<generatorID>A29125AB-4262-5737-3B60-1CC04EBC2AD4</generatorID>
<ownerDesignName>jose2</ownerDesignName>
<pk>true</pk>
<indexState>Primary Constraint</indexState>
<isSurrogateKey>false</isSurrogateKey>
<indexColumnUsage>
<colUsage columnID="4DAE0F6A-4050-2EC6-1491-C461CCF79B3C"/>
<colUsage columnID="37AC5F7A-E0B9-8C8D-8FD9-DA114A13A8BE"/>
</indexColumnUsage>
</ind_PK_UK>
<ind_PK_UK id="532A1E62-A59B-A917-DDFA-72D0AE3E39AB" name="Clase_Asignatura_FK">
<createdBy>vilch</createdBy>
<createdTime>2021-03-26 08:40:13 UTC</createdTime>
<generatorID>3A06A2CC-F94D-42D8-9CB6-D339827D4295</generatorID>
<ownerDesignName>jose2</ownerDesignName>
<indexState>Foreign Key</indexState>
<isSurrogateKey>false</isSurrogateKey>
<indexColumnUsage>
<colUsage columnID="E2DC423C-A1A7-A237-0B2D-E9778AA4959A"/>
</indexColumnUsage>
</ind_PK_UK>
</indexes>
</Table>