<?xml version = '1.0' encoding = 'UTF-8'?>
<Table class="oracle.dbtools.crest.model.design.relational.Table" directorySegmentName="seg_0" id="4F75E533-66AA-76E9-80A4-4338FF7952AA" name="Optativa">
<createdBy>vilch</createdBy>
<createdTime>2021-03-26 08:40:13 UTC</createdTime>
<generatorID>9FF0BFAB-142C-D4C1-068C-79FC6D544543</generatorID>
<ownerDesignName>jose2</ownerDesignName>
<allowColumnReorder>false</allowColumnReorder>
<existDependencyGenerateInDDl>true</existDependencyGenerateInDDl>
<parsed>true</parsed>
<columns itemClass="oracle.dbtools.crest.model.design.relational.Column">
<Column name="Referencia" id="96E22528-F21E-387C-3D07-16F75E5ABC0C">
<createdBy>vilch</createdBy>
<createdTime>2021-03-26 08:40:13 UTC</createdTime>
<generatorID>B8FB2700-AB01-29C0-2949-AC5B5F1B0C01</generatorID>
<ownerDesignName>jose2</ownerDesignName>
<useDomainConstraints>false</useDomainConstraints>
<use>1</use>
<logicalDatatype>LOGDT011</logicalDatatype>
<ownDataTypeParameters>,,</ownDataTypeParameters>
<autoIncrementCycle>false</autoIncrementCycle>
<associations>
<colAssociation fkAssociation="B814CE4C-510E-D676-1F40-27F583746F3D" referredColumn="006B96A8-17D4-6FD4-9785-AD846C8D7527"/>
</associations>
</Column>
<Column name="Plazas" id="F8AA1DF5-5DB3-6062-0C53-35B81E07F5A3">
<createdBy>vilch</createdBy>
<createdTime>2021-03-26 08:40:13 UTC</createdTime>
<generatorID>2584DC9B-AE97-5488-BAF5-F9134E1D7F70</generatorID>
<ownerDesignName>jose2</ownerDesignName>
<useDomainConstraints>false</useDomainConstraints>
<use>1</use>
<logicalDatatype>LOGDT011</logicalDatatype>
<ownDataTypeParameters>,,</ownDataTypeParameters>
<autoIncrementCycle>false</autoIncrementCycle>
</Column>
<Column name="Mención" id="0835C558-D286-E67F-B1D5-A2407C1B2C34">
<createdBy>vilch</createdBy>
<createdTime>2021-03-26 08:40:13 UTC</createdTime>
<generatorID>E531F53C-A9C4-0D17-3817-305415FB2EC8</generatorID>
<ownerDesignName>jose2</ownerDesignName>
<nullsAllowed>true</nullsAllowed>
<useDomainConstraints>false</useDomainConstraints>
<use>1</use>
<logicalDatatype>LOGDT024</logicalDatatype>
<dataTypeSize>30 CHAR</dataTypeSize>
<ownDataTypeParameters>30 CHAR,,</ownDataTypeParameters>
<autoIncrementCycle>false</autoIncrementCycle>
</Column>
</columns>
<indexes itemClass="oracle.dbtools.crest.model.design.relational.Index">
<ind_PK_UK id="F47C113D-721C-94B5-804B-0EFC88825E4C" name="Optativa_PK">
<createdBy>vilch</createdBy>
<createdTime>2021-03-26 08:40:13 UTC</createdTime>
<generatorID>57FF0833-CDE2-4B6B-E931-57965B91A75B</generatorID>
<ownerDesignName>jose2</ownerDesignName>
<pk>true</pk>
<indexState>Primary Constraint</indexState>
<isSurrogateKey>false</isSurrogateKey>
<indexColumnUsage>
<colUsage columnID="96E22528-F21E-387C-3D07-16F75E5ABC0C"/>
</indexColumnUsage>
</ind_PK_UK>
<ind_PK_UK id="A2324AB7-CE98-9A4D-84F0-F77A7D2474E4" name="Optativa_Asignatura_FK">
<createdBy>vilch</createdBy>
<createdTime>2021-03-26 08:40:13 UTC</createdTime>
<generatorID>414ED04D-298A-571D-C901-F0D82B480BE8</generatorID>
<ownerDesignName>jose2</ownerDesignName>
<indexState>Foreign Key</indexState>
<isSurrogateKey>false</isSurrogateKey>
<indexColumnUsage>
<colUsage columnID="96E22528-F21E-387C-3D07-16F75E5ABC0C"/>
</indexColumnUsage>
</ind_PK_UK>
</indexes>
</Table>