<?xml version = '1.0' encoding = 'UTF-8'?>
<Table class="oracle.dbtools.crest.model.design.relational.Table" directorySegmentName="seg_0" id="DDBFB114-CBF8-7C15-A043-E243E5A8521B" name="Asig_Matriculas">
<createdBy>vilch</createdBy>
<createdTime>2021-03-26 08:40:13 UTC</createdTime>
<generatorID>BFDCC882-13F3-2B17-2497-F8602EC8AB01</generatorID>
<ownerDesignName>jose2</ownerDesignName>
<allowColumnReorder>false</allowColumnReorder>
<existDependencyGenerateInDDl>true</existDependencyGenerateInDDl>
<parsed>true</parsed>
<columns itemClass="oracle.dbtools.crest.model.design.relational.Column">
<Column name="Asignatura_Referencia" id="6ED65DA9-C351-3C61-5EF6-33800CB58D79">
<createdBy>vilch</createdBy>
<createdTime>2021-03-26 08:40:13 UTC</createdTime>
<generatorID>42E261A0-7B1F-B6DB-9F1C-087E39106812</generatorID>
<ownerDesignName>jose2</ownerDesignName>
<useDomainConstraints>false</useDomainConstraints>
<use>1</use>
<logicalDatatype>LOGDT011</logicalDatatype>
<ownDataTypeParameters>,,</ownDataTypeParameters>
<previousColumn>false</previousColumn>
<autoIncrementCycle>false</autoIncrementCycle>
<associations>
<colAssociation fkAssociation="FBC1B3F6-2061-4CAA-0B4B-89B9DBA9DEAC" referredColumn="006B96A8-17D4-6FD4-9785-AD846C8D7527"/>
</associations>
</Column>
<Column name="Grupo_ID" id="FA9B2F6F-26DC-B00D-11DA-8283502787FD">
<createdBy>vilch</createdBy>
<createdTime>2021-03-26 08:40:13 UTC</createdTime>
<generatorID>F9B9DCEB-4EEF-EE8F-E28F-CD65422D6929</generatorID>
<ownerDesignName>jose2</ownerDesignName>
<nullsAllowed>true</nullsAllowed>
<useDomainConstraints>false</useDomainConstraints>
<use>1</use>
<logicalDatatype>LOGDT011</logicalDatatype>
<ownDataTypeParameters>,,</ownDataTypeParameters>
<previousColumn>false</previousColumn>
<autoIncrementCycle>false</autoIncrementCycle>
<associations>
<colAssociation fkAssociation="DC7371B1-FFF2-08F4-7A64-E247F5B19613" referredColumn="EF8BF3F8-1F90-49DE-71DB-82F7239D0CE2"/>
</associations>
</Column>
<Column name="Matrícula_Curso_Académico" id="59AE0EB9-9234-5BB4-8B0D-6DC51F5EA213">
<createdBy>vilch</createdBy>
<createdTime>2021-03-26 08:40:13 UTC</createdTime>
<generatorID>7B338EF1-6F7F-A640-FE8B-97119D93CC18</generatorID>
<ownerDesignName>jose2</ownerDesignName>
<useDomainConstraints>false</useDomainConstraints>
<use>1</use>
<logicalDatatype>LOGDT024</logicalDatatype>
<dataTypeSize>20 CHAR</dataTypeSize>
<ownDataTypeParameters>20 CHAR,,</ownDataTypeParameters>
<previousColumn>false</previousColumn>
<autoIncrementCycle>false</autoIncrementCycle>
<associations>
<colAssociation fkAssociation="92142BC4-4C7C-5B32-E5EA-2CF14F15B39A" referredColumn="02FFE372-4CCD-88EA-5852-531DD2B303A0"/>
</associations>
</Column>
<Column name="Matrícula_Expediente_Nº_expediente" id="A128C3AC-AADB-4746-8BBE-4F42E82E3BCD">
<createdBy>vilch</createdBy>
<createdTime>2021-03-26 08:40:13 UTC</createdTime>
<generatorID>E570A827-B97A-3EF4-1BBA-FF2AE970782D</generatorID>
<ownerDesignName>jose2</ownerDesignName>
<useDomainConstraints>false</useDomainConstraints>
<use>1</use>
<logicalDatatype>LOGDT011</logicalDatatype>
<ownDataTypeParameters>,,</ownDataTypeParameters>
<previousColumn>false</previousColumn>
<autoIncrementCycle>false</autoIncrementCycle>
<associations>
<colAssociation fkAssociation="92142BC4-4C7C-5B32-E5EA-2CF14F15B39A" referredColumn="BE85AE13-7910-48DC-7A2D-E6800A735C1B"/>
</associations>
</Column>
</columns>
<indexes itemClass="oracle.dbtools.crest.model.design.relational.Index">
<ind_PK_UK id="6BECFDF3-7C5E-977B-2285-D0ED631106C9" name="Asig_Matriculas_PK">
<createdBy>vilch</createdBy>
<createdTime>2021-03-26 08:40:13 UTC</createdTime>
<generatorID>E44555D8-5121-2683-040F-2343A7F595BC</generatorID>
<ownerDesignName>jose2</ownerDesignName>
<pk>true</pk>
<indexState>Primary Constraint</indexState>
<isSurrogateKey>false</isSurrogateKey>
<indexColumnUsage>
<colUsage columnID="6ED65DA9-C351-3C61-5EF6-33800CB58D79"/>
<colUsage columnID="59AE0EB9-9234-5BB4-8B0D-6DC51F5EA213"/>
<colUsage columnID="A128C3AC-AADB-4746-8BBE-4F42E82E3BCD"/>
</indexColumnUsage>
</ind_PK_UK>
<ind_PK_UK id="C5E2F28C-C3D9-64F7-8655-BD8E3440659D" name="Asig_Matriculas_Grupo_FK">
<createdBy>vilch</createdBy>
<createdTime>2021-03-26 08:40:13 UTC</createdTime>
<generatorID>F128D040-FFF6-D1C4-2F89-47EE11F73CD2</generatorID>
<ownerDesignName>jose2</ownerDesignName>
<indexState>Foreign Key</indexState>
<isSurrogateKey>false</isSurrogateKey>
<indexColumnUsage>
<colUsage columnID="FA9B2F6F-26DC-B00D-11DA-8283502787FD"/>
</indexColumnUsage>
</ind_PK_UK>
<ind_PK_UK id="5A9FDFCB-B579-B27B-2C1F-9472D08ED2C9" name="Asig_Matriculas_Matrícula_FK">
<createdBy>vilch</createdBy>
<createdTime>2021-03-26 08:40:13 UTC</createdTime>
<generatorID>22AAAE16-8E54-62E1-540A-3D9F5DC4C314</generatorID>
<ownerDesignName>jose2</ownerDesignName>
<indexState>Foreign Key</indexState>
<isSurrogateKey>false</isSurrogateKey>
<indexColumnUsage>
<colUsage columnID="59AE0EB9-9234-5BB4-8B0D-6DC51F5EA213"/>
<colUsage columnID="A128C3AC-AADB-4746-8BBE-4F42E82E3BCD"/>
</indexColumnUsage>
</ind_PK_UK>
<ind_PK_UK id="690B031D-4E7A-2556-D782-C10D63027DE7" name="Asig_Matriculas_Asignatura_FK">
<createdBy>vilch</createdBy>
<createdTime>2021-03-26 08:40:13 UTC</createdTime>
<generatorID>DD3A200A-77AE-487D-CCCD-BB634C8AE1CA</generatorID>
<ownerDesignName>jose2</ownerDesignName>
<indexState>Foreign Key</indexState>
<isSurrogateKey>false</isSurrogateKey>
<indexColumnUsage>
<colUsage columnID="6ED65DA9-C351-3C61-5EF6-33800CB58D79"/>
</indexColumnUsage>
</ind_PK_UK>
</indexes>
</Table>