<?xml version = '1.0' encoding = 'UTF-8'?>
<Table class="oracle.dbtools.crest.model.design.relational.Table" directorySegmentName="seg_0" id="F49CC4C8-0223-2A33-5C27-AA02DC36505A" name="Matrícula">
<createdBy>vilch</createdBy>
<createdTime>2021-03-26 08:40:13 UTC</createdTime>
<generatorID>BF12806A-F181-F7EE-B15C-8C72E45E561C</generatorID>
<ownerDesignName>jose2</ownerDesignName>
<allowColumnReorder>false</allowColumnReorder>
<existDependencyGenerateInDDl>true</existDependencyGenerateInDDl>
<parsed>true</parsed>
<columns itemClass="oracle.dbtools.crest.model.design.relational.Column">
<Column name="Curso_Académico" id="02FFE372-4CCD-88EA-5852-531DD2B303A0">
<createdBy>vilch</createdBy>
<createdTime>2021-03-26 08:40:13 UTC</createdTime>
<generatorID>483EED77-A691-F961-B4EF-7802789D757A</generatorID>
<ownerDesignName>jose2</ownerDesignName>
<useDomainConstraints>false</useDomainConstraints>
<use>1</use>
<logicalDatatype>LOGDT024</logicalDatatype>
<dataTypeSize>20 CHAR</dataTypeSize>
<ownDataTypeParameters>20 CHAR,,</ownDataTypeParameters>
<autoIncrementCycle>false</autoIncrementCycle>
</Column>
<Column name="Estado" id="7A5290ED-61C7-8269-4039-564B7629A924">
<createdBy>vilch</createdBy>
<createdTime>2021-03-26 08:40:13 UTC</createdTime>
<generatorID>8393134D-FA91-6EE5-A00E-3AE5D293410C</generatorID>
<ownerDesignName>jose2</ownerDesignName>
<useDomainConstraints>false</useDomainConstraints>
<use>1</use>
<logicalDatatype>LOGDT006</logicalDatatype>
<dataTypeSize>1 CHAR</dataTypeSize>
<ownDataTypeParameters>1 CHAR,,</ownDataTypeParameters>
<autoIncrementCycle>false</autoIncrementCycle>
</Column>
<Column name="Fecha_de_matrícula" id="3C609699-8006-99B7-07FE-397852C4DA64">
<createdBy>vilch</createdBy>
<createdTime>2021-03-26 08:40:13 UTC</createdTime>
<generatorID>3D0D5A2F-A29B-DB5C-309C-7CA77DEAD5AF</generatorID>
<ownerDesignName>jose2</ownerDesignName>
<useDomainConstraints>false</useDomainConstraints>
<use>1</use>
<logicalDatatype>LOGDT007</logicalDatatype>
<ownDataTypeParameters>,,</ownDataTypeParameters>
<autoIncrementCycle>false</autoIncrementCycle>
</Column>
<Column name="Nº_de_archivo" id="B078E93C-6612-2E03-D50A-B39BD4CC734A">
<createdBy>vilch</createdBy>
<createdTime>2021-03-26 08:40:13 UTC</createdTime>
<generatorID>C61C01EF-ADEA-F2FC-D4E9-D35AB9A3D216</generatorID>
<ownerDesignName>jose2</ownerDesignName>
<nullsAllowed>true</nullsAllowed>
<useDomainConstraints>false</useDomainConstraints>
<use>1</use>
<logicalDatatype>LOGDT011</logicalDatatype>
<ownDataTypeParameters>,,</ownDataTypeParameters>
<autoIncrementCycle>false</autoIncrementCycle>
</Column>
<Column name="Turno_prefrente" id="35E2D337-B235-3D17-3A60-56B1FA62A44A">
<createdBy>vilch</createdBy>
<createdTime>2021-03-26 08:40:13 UTC</createdTime>
<generatorID>572EE12A-865F-5165-9D7A-95AB17E40BAF</generatorID>
<ownerDesignName>jose2</ownerDesignName>
<nullsAllowed>true</nullsAllowed>
<useDomainConstraints>false</useDomainConstraints>
<use>1</use>
<logicalDatatype>LOGDT024</logicalDatatype>
<dataTypeSize>30 CHAR</dataTypeSize>
<ownDataTypeParameters>30 CHAR,,</ownDataTypeParameters>
<autoIncrementCycle>false</autoIncrementCycle>
</Column>
<Column name="Nuevo_ingreso" id="EA4E0FCA-8FC1-3B77-FB4C-B2A0868AF8F0">
<createdBy>vilch</createdBy>
<createdTime>2021-03-26 08:40:13 UTC</createdTime>
<generatorID>7037D001-0401-1865-E271-C8AF6A637F0D</generatorID>
<ownerDesignName>jose2</ownerDesignName>
<nullsAllowed>true</nullsAllowed>
<useDomainConstraints>false</useDomainConstraints>
<use>1</use>
<logicalDatatype>LOGDT006</logicalDatatype>
<dataTypeSize>1 CHAR</dataTypeSize>
<ownDataTypeParameters>1 CHAR,,</ownDataTypeParameters>
<autoIncrementCycle>false</autoIncrementCycle>
</Column>
<Column name="Listado_Asignaturas" id="35DE9C79-CE0E-2B0F-59BC-D6F9858B723A">
<createdBy>vilch</createdBy>
<createdTime>2021-03-26 08:40:13 UTC</createdTime>
<generatorID>14FB86DC-3FCD-ADC1-A556-5044AB087688</generatorID>
<ownerDesignName>jose2</ownerDesignName>
<nullsAllowed>true</nullsAllowed>
<useDomainConstraints>false</useDomainConstraints>
<use>1</use>
<logicalDatatype>LOGDT024</logicalDatatype>
<dataTypeSize>500 CHAR</dataTypeSize>
<ownDataTypeParameters>500 CHAR,,</ownDataTypeParameters>
<autoIncrementCycle>false</autoIncrementCycle>
</Column>
<Column name="Expediente_Nº_expediente" id="BE85AE13-7910-48DC-7A2D-E6800A735C1B">
<createdBy>vilch</createdBy>
<createdTime>2021-03-26 08:40:13 UTC</createdTime>
<generatorID>CBAB63BC-732F-0C15-350E-968268E75119</generatorID>
<ownerDesignName>jose2</ownerDesignName>
<useDomainConstraints>false</useDomainConstraints>
<use>1</use>
<logicalDatatype>LOGDT011</logicalDatatype>
<ownDataTypeParameters>,,</ownDataTypeParameters>
<previousColumn>false</previousColumn>
<autoIncrementCycle>false</autoIncrementCycle>
<associations>
<colAssociation fkAssociation="EDEAC1B2-B96B-44D1-6F57-B7F8CF6A9D3B" referredColumn="671690C1-DB8D-76D6-6024-65BE163137E6"/>
</associations>
</Column>
</columns>
<indexes itemClass="oracle.dbtools.crest.model.design.relational.Index">
<ind_PK_UK id="AA7DF2D2-F26E-FB72-2CF4-004BE49F623A" name="Matrícula_PK">
<createdBy>vilch</createdBy>
<createdTime>2021-03-26 08:40:13 UTC</createdTime>
<generatorID>FBEFE787-028D-72A9-D5FA-0976BF7DE87A</generatorID>
<ownerDesignName>jose2</ownerDesignName>
<pk>true</pk>
<indexState>Primary Constraint</indexState>
<isSurrogateKey>false</isSurrogateKey>
<indexColumnUsage>
<colUsage columnID="02FFE372-4CCD-88EA-5852-531DD2B303A0"/>
<colUsage columnID="BE85AE13-7910-48DC-7A2D-E6800A735C1B"/>
</indexColumnUsage>
</ind_PK_UK>
<ind_PK_UK id="0F0BAA9E-6E92-AFEE-BECB-1B6D3EBD3F65" name="Matrícula_Expediente_FK">
<createdBy>vilch</createdBy>
<createdTime>2021-03-26 08:40:13 UTC</createdTime>
<generatorID>533E785D-C04A-9BDE-44B0-923A890DFADF</generatorID>
<ownerDesignName>jose2</ownerDesignName>
<indexState>Foreign Key</indexState>
<isSurrogateKey>false</isSurrogateKey>
<indexColumnUsage>
<colUsage columnID="BE85AE13-7910-48DC-7A2D-E6800A735C1B"/>
</indexColumnUsage>
</ind_PK_UK>
</indexes>
</Table>