<?xml version = '1.0' encoding = 'UTF-8'?>
<Table class="oracle.dbtools.crest.model.design.relational.Table" directorySegmentName="seg_0" id="FAB8AEF9-AB2D-4BB7-607C-F1B1FD118FED" name="Asignatura">
<createdBy>vilch</createdBy>
<createdTime>2021-03-26 08:40:13 UTC</createdTime>
<generatorID>30C9B0E0-70B5-AC2C-3287-E6D7164DCCE4</generatorID>
<ownerDesignName>jose2</ownerDesignName>
<allowColumnReorder>false</allowColumnReorder>
<existDependencyGenerateInDDl>true</existDependencyGenerateInDDl>
<parsed>true</parsed>
<columns itemClass="oracle.dbtools.crest.model.design.relational.Column">
<Column name="Referencia" id="006B96A8-17D4-6FD4-9785-AD846C8D7527">
<createdBy>vilch</createdBy>
<createdTime>2021-03-26 08:40:13 UTC</createdTime>
<generatorID>B8FB2700-AB01-29C0-2949-AC5B5F1B0C01</generatorID>
<ownerDesignName>jose2</ownerDesignName>
<useDomainConstraints>false</useDomainConstraints>
<use>1</use>
<logicalDatatype>LOGDT011</logicalDatatype>
<ownDataTypeParameters>,,</ownDataTypeParameters>
<autoIncrementCycle>false</autoIncrementCycle>
</Column>
<Column name="Codigo" id="0ACD1301-2BA4-E519-C9F7-C8574F7EE808">
<createdBy>vilch</createdBy>
<createdTime>2021-03-26 08:40:13 UTC</createdTime>
<generatorID>D44AFC2A-2068-CC70-B8FB-6B1FD234ADBD</generatorID>
<ownerDesignName>jose2</ownerDesignName>
<useDomainConstraints>false</useDomainConstraints>
<use>1</use>
<logicalDatatype>LOGDT011</logicalDatatype>
<ownDataTypeParameters>,,</ownDataTypeParameters>
<autoIncrementCycle>false</autoIncrementCycle>
</Column>
<Column name="Creditos" id="B7B24B2D-2A4D-1F60-05FC-B628C24083A9">
<createdBy>vilch</createdBy>
<createdTime>2021-03-26 08:40:13 UTC</createdTime>
<generatorID>6B795141-7AFE-3CC0-39BD-5543B358CC5A</generatorID>
<ownerDesignName>jose2</ownerDesignName>
<useDomainConstraints>false</useDomainConstraints>
<use>1</use>
<logicalDatatype>LOGDT011</logicalDatatype>
<ownDataTypeParameters>,,</ownDataTypeParameters>
<autoIncrementCycle>false</autoIncrementCycle>
</Column>
<Column name="Ofertada" id="19F0FA5E-5E95-0D46-67C2-F4960A6C4EC2">
<createdBy>vilch</createdBy>
<createdTime>2021-03-26 08:40:13 UTC</createdTime>
<generatorID>16203BEE-B9BC-2B89-3882-A8172C38FA2F</generatorID>
<ownerDesignName>jose2</ownerDesignName>
<useDomainConstraints>false</useDomainConstraints>
<use>1</use>
<logicalDatatype>LOGDT006</logicalDatatype>
<dataTypeSize>1 CHAR</dataTypeSize>
<ownDataTypeParameters>1 CHAR,,</ownDataTypeParameters>
<autoIncrementCycle>false</autoIncrementCycle>
</Column>
<Column name="Nombre" id="6F7D0830-80EA-D2CD-C24A-66AA46B0CF2B">
<createdBy>vilch</createdBy>
<createdTime>2021-03-26 08:40:13 UTC</createdTime>
<generatorID>6EB892C2-6A93-ABC8-F556-62E3B1FD6200</generatorID>
<ownerDesignName>jose2</ownerDesignName>
<useDomainConstraints>false</useDomainConstraints>
<use>1</use>
<logicalDatatype>LOGDT024</logicalDatatype>
<dataTypeSize>20 CHAR</dataTypeSize>
<ownDataTypeParameters>20 CHAR,,</ownDataTypeParameters>
<autoIncrementCycle>false</autoIncrementCycle>
</Column>
<Column name="Curso" id="28499A04-5FCE-9E75-4ED9-6FCB96D42F76">
<createdBy>vilch</createdBy>
<createdTime>2021-03-26 08:40:13 UTC</createdTime>
<generatorID>D33F8F2B-BAAC-5145-413B-2C8F46868CBB</generatorID>
<ownerDesignName>jose2</ownerDesignName>
<nullsAllowed>true</nullsAllowed>
<useDomainConstraints>false</useDomainConstraints>
<use>1</use>
<logicalDatatype>LOGDT024</logicalDatatype>
<dataTypeSize>10 CHAR</dataTypeSize>
<ownDataTypeParameters>10 CHAR,,</ownDataTypeParameters>
<autoIncrementCycle>false</autoIncrementCycle>
</Column>
<Column name="Carácter" id="3BDA95CB-295B-8CBE-B39F-B3FA2D91664A">
<createdBy>vilch</createdBy>
<createdTime>2021-03-26 08:40:13 UTC</createdTime>
<generatorID>C40F55CB-5BA6-566E-DDDE-D118A61B6D5D</generatorID>
<ownerDesignName>jose2</ownerDesignName>
<nullsAllowed>true</nullsAllowed>
<useDomainConstraints>false</useDomainConstraints>
<use>1</use>
<logicalDatatype>LOGDT024</logicalDatatype>
<dataTypeSize>20 CHAR</dataTypeSize>
<ownDataTypeParameters>20 CHAR,,</ownDataTypeParameters>
<autoIncrementCycle>false</autoIncrementCycle>
</Column>
<Column name="Duración" id="613042A4-8C8C-3D30-F7FD-1C5EEE70B363">
<createdBy>vilch</createdBy>
<createdTime>2021-03-26 08:40:13 UTC</createdTime>
<generatorID>55DB14A3-D328-18B6-115F-CCF55373ADA0</generatorID>
<ownerDesignName>jose2</ownerDesignName>
<nullsAllowed>true</nullsAllowed>
<useDomainConstraints>false</useDomainConstraints>
<use>1</use>
<logicalDatatype>LOGDT024</logicalDatatype>
<dataTypeSize>20 CHAR</dataTypeSize>
<ownDataTypeParameters>20 CHAR,,</ownDataTypeParameters>
<autoIncrementCycle>false</autoIncrementCycle>
</Column>
<Column name="Unidad_temporal_(cuatrimestre)" id="56209DBB-97C5-5341-E6C1-8EF12C95BB22">
<createdBy>vilch</createdBy>
<createdTime>2021-03-26 08:40:13 UTC</createdTime>
<generatorID>CACF86AB-54AC-65C2-0882-968FCB7D4C0D</generatorID>
<ownerDesignName>jose2</ownerDesignName>
<nullsAllowed>true</nullsAllowed>
<useDomainConstraints>false</useDomainConstraints>
<use>1</use>
<logicalDatatype>LOGDT011</logicalDatatype>
<ownDataTypeParameters>,,</ownDataTypeParameters>
<autoIncrementCycle>false</autoIncrementCycle>
</Column>
<Column name="Titulación_Codigo" id="3FE539A8-B376-13C8-92F2-DA691CC75066">
<createdBy>vilch</createdBy>
<createdTime>2021-03-26 08:40:13 UTC</createdTime>
<generatorID>1C41C650-A047-0D32-0080-A8FE80AEA9C5</generatorID>
<ownerDesignName>jose2</ownerDesignName>
<useDomainConstraints>false</useDomainConstraints>
<use>1</use>
<logicalDatatype>LOGDT011</logicalDatatype>
<ownDataTypeParameters>,,</ownDataTypeParameters>
<previousColumn>false</previousColumn>
<autoIncrementCycle>false</autoIncrementCycle>
<associations>
<colAssociation fkAssociation="19BCB61B-461A-B1DC-5A84-3E149ECF55EB" referredColumn="0736A7CA-0493-E16C-5131-FFE3C28BDC0A"/>
</associations>
</Column>
</columns>
<indexes itemClass="oracle.dbtools.crest.model.design.relational.Index">
<ind_PK_UK id="59419B8B-2E0F-5F50-155A-D9D2091EC387" name="Asignatura_PK">
<createdBy>vilch</createdBy>
<createdTime>2021-03-26 08:40:13 UTC</createdTime>
<generatorID>57FF0833-CDE2-4B6B-E931-57965B91A75B</generatorID>
<ownerDesignName>jose2</ownerDesignName>
<pk>true</pk>
<indexState>Primary Constraint</indexState>
<isSurrogateKey>false</isSurrogateKey>
<indexColumnUsage>
<colUsage columnID="006B96A8-17D4-6FD4-9785-AD846C8D7527"/>
</indexColumnUsage>
</ind_PK_UK>
<ind_PK_UK id="EE10AC4C-714C-991B-43CB-43BC27C8B74C" name="Asignatura_Titulación_FK">
<createdBy>vilch</createdBy>
<createdTime>2021-03-26 08:40:13 UTC</createdTime>
<generatorID>52775A4F-2A57-4A2D-0AA9-1D4D01AA17BB</generatorID>
<ownerDesignName>jose2</ownerDesignName>
<indexState>Foreign Key</indexState>
<isSurrogateKey>false</isSurrogateKey>
<indexColumnUsage>
<colUsage columnID="3FE539A8-B376-13C8-92F2-DA691CC75066"/>
</indexColumnUsage>
</ind_PK_UK>
</indexes>
</Table>